mutant,DMS_score,DMS_rank,avg_score,avg_rank,DMS_score_bin,MSA_Transformer_ensemble,SaProt_650M_AF2,GEMME,ESM-IF1,Residue
N44W,1.23946178,1,0.2254976836065647,415,1,-0.6848000565946265,0.0023559706742227,0.867153499877549,0.7172813204691136,44
M154F,1.047656655,2,0.9022902005845396,195,1,0.9172728677905876,1.2159623253073415,0.2808273798024808,1.1950982294377483,154
M154L,0.908502936,3,1.5702186829108935,55,1,1.9016414722383737,2.010598625590781,1.323627754586088,1.045006879228331,154
S203E,0.906979024,4,1.9215876511901768,14,1,1.980907494744624,2.090413267993099,1.520150684376708,2.094879157646276,203
S203Q,0.88821727,5,1.6025985870066153,49,1,1.5026143862804315,1.655679580841453,1.573766578127672,1.678333802776905,203
I45Q,0.886939585,6,2.047326923223342,7,1,2.146208321616071,2.093158389559839,1.6705661274535986,2.279374854263862,45
S203P,0.87788713,7,1.5391234566427885,60,1,1.413467528635468,1.4194830500634912,1.42918159028779,1.894361657584404,203
I45R,0.8768601420000001,8,2.303874618468888,2,1,2.391957931234649,2.5099440013946706,1.89554910192931,2.418047439316921,45
I45K,0.843875587,9,2.4673156070199918,1,1,2.609156148603585,2.627212415431229,1.902092853663422,2.7308010103817293,45
I45G,0.8310979009999999,10,1.6848359465204874,41,1,2.3926322825365087,2.2065646634354645,1.6812171001799634,0.4589297399300125,45
S203K,0.78005743,11,1.8800376978907405,17,1,1.920691835293256,1.8333544981245984,1.7273769839409987,2.0387274742041086,203
I107C,0.779512703,12,0.3627227685765504,380,1,0.7856472657210767,0.3472194932880623,0.6724945102074442,-0.3544701949103818,107
S203R,0.728965223,13,1.7310123315204526,33,1,1.6434010095409728,1.6497600223114584,1.5927826339694324,2.0381056602599465,203
I107S,0.7256825570000001,14,-0.0713296441446871,494,1,0.4108361356573499,-0.4431406702184085,0.5606778639122151,-0.8136919059299051,107
I107K,0.724959314,15,0.0569040878465095,454,1,-0.2464903736254853,0.360244067760877,-0.3882575793634351,0.5021202366140816,107
I45H,0.718301833,16,1.715302959992529,35,1,1.7627733056088997,1.701951000285413,1.6786295142336316,1.717858019842171,45
I45E,0.698875725,17,2.2900199581995158,3,1,2.6401629683974184,2.2385817209945795,1.7006335587395218,2.5807015846665413,45
S104K,0.689233422,18,1.83743471051927,22,1,1.8525231998433145,1.60997633330997,1.825308214812137,2.061931094111659,104
M154I,0.678114355,19,1.36553016686627,89,1,1.8587978730837544,1.7806302824589808,1.3212102402639627,0.5014822716583834,154
I45T,0.6774793859999999,20,1.6359120255898754,44,1,2.0061047626061668,1.4744544928452037,1.6487379440260763,1.414350902882054,45
Y76H,0.6740287540000001,21,1.2677668969631073,110,1,1.5824613697799506,1.2028559779572598,1.0777904218238423,1.2079598182913762,76
A229G,0.6658506989999999,22,1.3530105344760317,94,1,1.1511726608476571,1.8627745656529804,1.2794501869093884,1.118644724494101,229
I45A,0.6645167470000001,23,1.7130863980126665,37,1,1.7934028521428564,1.83794091568027,1.6490466589363062,1.5719551652912338,45
I107A,0.662641943,24,0.1381756340559386,437,1,0.7622972332232798,-0.2066485230098983,0.6406998069774139,-0.6436459809670411,107
I45N,0.657786846,25,1.942820223543086,11,1,2.256219907564838,1.7172225837302142,2.119130434999789,1.6787079678775036,45
D162S,0.654326201,26,1.2461647177609672,116,1,1.9471234031943865,1.561253410373967,0.882499446720843,0.5937826107546725,162
I45M,0.651837647,27,1.8598358842688272,21,1,1.6899009216052483,2.0329140311735903,1.5728303024456292,2.143698281850841,45
I45S,0.649763823,28,1.900453087590284,16,1,2.3137833054524,1.9848858100631064,1.6414530494571669,1.6616901853884625,45
I105G,0.6491103770000001,29,-0.1211011316241965,511,1,-0.1092411173459066,-0.613490526480081,0.2706842299893264,-0.0323571126601247,105
S203D,0.63332963,30,1.914125188025129,15,1,1.9115432970769168,2.1335014312191296,1.5076991934835893,2.1037568303208807,203
D128T,0.632796943,31,0.5186299370632018,336,1,1.0670634922739848,0.802247660533404,0.3254864312401626,-0.1202778357947439,128
D128S,0.63231343,32,1.2504932623220613,114,1,1.6669947983809097,2.2389663558031443,0.3928707852353507,0.7031411098688407,128
I105K,0.631305993,33,0.9414880749434358,184,1,1.037518153636838,0.7905992637511878,0.8463130899320405,1.0915217924536769,105
S203H,0.630895495,34,1.361489170714308,91,1,1.1155380536889046,1.227300022552075,1.5034213871756867,1.5996972194405663,203
R175E,0.621633172,35,1.6217390073571232,47,1,1.545465080817155,1.8058136018559976,1.4141072860950168,1.721570060660324,175
D128N,0.621097803,36,1.149133578264229,137,1,1.323139479982631,1.45014021283154,0.7088199260891769,1.1144346941535674,128
S203N,0.619923651,37,1.8687435166767636,20,1,1.739421816656647,1.94206283605991,1.760834720124144,2.0326546938663523,203
S104E,0.615463495,38,1.5856580105970608,51,1,1.4721338105482114,1.4192929530545997,1.708988841710848,1.7422164370745843,104
I45C,0.603223443,39,1.411834600473003,80,1,1.3982094024245229,1.3024913674103675,1.6291335780189036,1.317504054038217,45
R175K,0.601676345,40,2.166962405358734,6,1,2.02630845392185,2.177347812725932,2.0466277539810727,2.417565600806081,175
V227A,0.594866216,41,1.4904006674408252,70,1,1.8673323771906056,1.7731994994534646,1.4360666015132673,0.8850041916059638,227
R175T,0.589144528,42,1.4728096875399943,71,1,1.3195124508298144,1.6242850286595694,1.1306340786495803,1.8168071920210136,175
D128G,0.588311672,43,0.2248078591120355,417,1,0.9768493628486228,0.5468542612211392,-0.1848700109019359,-0.4396021767196837,128
I105R,0.58496064,44,0.56945489865314,307,1,0.6228591063428173,0.2785707888607113,0.5794192880184398,0.7969704113905918,105
R175M,0.5817466379999999,45,0.9454773677990352,183,1,0.7443608419364584,0.8358158006130201,0.874050945505143,1.3276818831415196,175
D162N,0.580468416,46,1.8793650686990564,18,1,2.0503926457992674,2.009382061217617,1.3692802739239744,2.0884052938553657,162
Y76P,0.571214497,47,-0.8143543794899225,675,1,-0.1351289379540034,-1.4917230011832272,-0.2596072463402391,-1.3709583324822203,76
I158V,0.567227423,48,2.1726840021992446,5,1,2.343112586160016,2.617587274092501,2.0060838136824914,1.7239523348619703,158
N204H,0.563562572,49,1.4157995371970706,79,1,1.3913573642155317,1.262721016362946,1.17969325250821,1.8294265157015952,204
D128A,0.5631200670000001,50,0.3691799888041737,379,1,0.8720105746776021,0.7090498907046865,0.3226127326856946,-0.4269532428512885,128
F176M,0.556489229,51,1.562280105397399,59,1,2.236528501548155,1.980324362217004,1.6344613210545995,0.3978062367698368,176
I107N,0.552142978,52,-0.5463790479381533,621,1,-0.2745391086423075,-0.7251541327718593,-0.7570796370418547,-0.4287433132965915,107
S203C,0.5500291589999999,53,0.9891906286874954,171,1,0.5526051181146386,0.4639936551015033,1.442217894773716,1.4979458467601237,203
N204D,0.5491997,54,2.025542046763345,8,1,1.7876856239562695,2.107938860498513,2.046075287102279,2.160468415496319,204
D162T,0.545646608,55,1.081770099949792,146,1,1.6742892700754377,1.2658101239208777,0.9948195475650528,0.3921614582377995,162
S203T,0.544273317,56,1.3633073944989964,90,1,1.0913083484779595,1.3447547316573476,1.475833650442794,1.5413328474178845,203
D162C,0.543025494,57,0.6765163649649024,271,1,0.7852908726047214,0.6724652538918464,0.7953258575137453,0.4529834758492963,162
S104R,0.542326808,58,1.706931526590043,39,1,1.6146342038106722,1.5047125142214683,1.783311965977335,1.9250674223506972,104
R175S,0.54075098,59,1.7136654250380263,36,1,1.56553864501618,1.8699058367974384,1.4439820623199229,1.975235156018564,175
D128C,0.535611808,60,0.3931229365030164,369,1,0.5221033400144608,0.7731691755155893,0.3094955880844598,-0.0322763576024442,128
I45L,0.5341666939999999,61,2.246016012035938,4,1,2.03503822281531,2.5762274627431934,1.8165251828677813,2.5562731797174663,45
K207I,0.531948268,62,1.4986875035669462,67,1,1.5908516494510223,1.6631025885676711,1.2906057787673744,1.450189997481717,207
I107V,0.5295113920000001,63,1.5781839402907796,54,1,2.0108692633552376,1.75961574372179,1.3961493099798048,1.1461014441062858,107
I107M,0.528550148,64,0.538429470191118,320,1,0.7468278051154946,0.4571546503173549,0.8271289659687961,0.122606459362826,107
I105C,0.5283238889999999,65,0.471058652976458,351,1,0.4739205657162678,0.2955340487039827,0.6263262084667037,0.4884537890188775,105
R175N,0.521011829,66,1.7194176891507098,34,1,1.5897404391463876,1.9345714401556569,1.4744698887684338,1.878888988532361,175
V227I,0.520972133,67,1.1928284502600333,126,1,1.412411811823382,1.4316346118138326,0.9381241552443534,0.9891432221585648,227
R175Q,0.517905116,68,1.3965874451871874,83,1,1.3232584774672338,1.368000417173488,1.344826529310418,1.5502643567976095,175
V205I,0.5165625220000001,69,1.8271206142902676,24,1,1.813305856502862,2.2860461705682766,1.49942328740322,1.7097071426867103,205
I45D,0.515620351,70,1.8198782898143808,25,1,2.3090776944414446,1.4737180383346913,1.68340692845804,1.8133104980233468,45
I45V,0.51429522,71,1.8003287781345088,28,1,1.5988562135819673,1.7706911070942524,2.088062769890612,1.7437050219712034,45
S104N,0.511060715,72,1.971388117174293,10,1,1.832384581752693,1.9570068761257025,1.8860093920006893,2.210151618818088,104
S104G,0.510736644,73,1.4598902585658753,76,1,1.331198835156852,1.380516902854013,1.6386183038870097,1.4892269923656265,104
S104Q,0.5047235489999999,74,1.352457903634931,96,1,1.1326709074525645,0.9522843113669188,1.722718838855606,1.602157556864635,104
R175V,0.503797829,75,0.7696082740250102,239,1,0.7158590335831881,0.5715837006368443,0.8821741955986149,0.9088161662813934,175
N44D,0.496808559,76,1.5699732690489991,56,1,1.5554242841612032,1.4438027525164248,1.4782709334584927,1.802395106059876,44
I45W,0.4962750079999999,77,1.2804791347697593,108,1,0.8304687880266212,1.0510890080546147,1.5245680526323155,1.7157906903654858,45
D128Q,0.495300531,78,0.2535436397275447,409,1,0.7986093817058184,0.2269231143708575,0.5261435959821534,-0.5375015331486507,128
K207L,0.4950560329999999,79,1.020067995045453,163,1,1.0512822282449996,1.1348724260803649,1.306840880915762,0.5872764449406852,207
V206T,0.493563145,80,1.4688367940690148,72,1,1.176507866546212,1.5190185606783209,1.43914942541394,1.740671323637586,206
I158C,0.492538422,81,0.6247945731037767,285,1,0.6289503984338876,1.0784975687579277,0.6821631158409956,0.1095672093822961,158
G173N,0.491175652,82,1.1970176878586825,124,1,1.3858247480756638,1.5743407480231602,1.3669808654811229,0.4609243898547825,173
S203G,0.4888267220000001,83,1.5379709038227778,61,1,1.4647321992283644,1.464111158774194,1.387678244847266,1.8353620124412875,203
I105F,0.485725761,84,0.162046087520562,431,1,0.5328055864658587,0.1022584931699893,0.1635358937684006,-0.1504156233220004,105
V206C,0.479236752,85,0.7934072546568072,226,1,0.4598206430218571,0.6486603715351241,1.0515709932920958,1.0135770107781517,206
A77C,0.477760434,86,0.7419651125819542,253,1,0.9710773242852936,1.047094166157925,0.607283384520483,0.3424055753641156,77
S104D,0.477165729,87,1.738022816434023,32,1,1.6032428868451305,1.589394125032509,1.8815397096887945,1.8779145441696583,104
S203A,0.474659622,88,1.4049545973504427,82,1,1.2673174409532888,1.206480909772713,1.535716988326186,1.6103030503495832,203
L80I,0.471957177,89,1.344912367017818,97,1,2.075454485952162,1.6920991760544424,1.304554880937512,0.3075409251271555,80
I107G,0.470325947,90,-0.6308636163577482,635,1,-0.3591469195323152,-1.0560316263361098,-0.1456689954301617,-0.9626069241324062,107
N204E,0.46762681,91,1.585648263025132,52,1,1.5965603902459375,1.665785200161016,1.220505497337826,1.859741964355749,204
L80C,0.466365665,92,-0.1518147991926197,524,1,0.2084088411505394,-0.3050973331661939,-0.0643466133051421,-0.4462240914496823,80
M154R,0.461777866,93,-0.3719778837708635,574,1,-0.626381127048741,-0.2807088218287304,-0.2765729616685877,-0.3042486245373946,154
V206I,0.460222155,94,1.924950509510289,13,1,1.9496436526285776,2.2144027214916697,2.038240510801763,1.4975151531191462,206
F176V,0.45850718,95,1.235153255841755,120,1,2.253359650126916,1.9616964836355852,1.4036206761560064,-0.6780637865514876,176
R175L,0.457650214,96,1.0067403838948106,164,1,0.8356418951398272,0.7568008881467044,0.8858721884840141,1.5486465638086966,175
E163T,0.456023932,97,1.058269664673816,153,1,1.033400634445943,0.7870890134099511,0.925001346144705,1.4875876646946653,163
I105M,0.4552848339999999,98,0.8166090610688332,216,1,0.8621545991542071,0.8103517764934476,0.9733715725806156,0.620558296047063,105
N204G,0.453719139,99,1.3218162623151035,102,1,1.554712007043103,1.2948353817762028,1.2084815762855434,1.229236084155564,204
G173K,0.449473083,100,0.9711240886986996,175,1,1.1755881477800276,1.3056867423126142,1.257858230084294,0.1453632346178627,173
N204S,0.44500646,101,1.6287665807605562,45,1,1.6014521116472449,1.844352529410575,1.2754212283684077,1.793840453615998,204
R175G,0.444250077,102,1.1796008930859818,127,1,1.2011085938629544,1.4252628093833404,0.8906081268080573,1.2014240422895752,175
V205C,0.444034129,103,0.9196482130381318,191,1,0.8715967805000304,0.988690319318289,1.2680904951994565,0.5502152571347513,205
K207T,0.44307214,104,1.0863051307788347,145,1,1.3611203514907897,1.1049043493878257,1.0116993271364114,0.8674964951003128,207
N228H,0.4429676829999999,105,1.5631907642566467,58,1,0.9897081350119136,1.9526003495509856,1.2322782525814864,2.0781763198822008,228
I45Y,0.442948997,106,1.784872461747143,29,1,1.6995694849515657,1.9727995785778487,1.5345646754259987,1.932556108033158,45
A174S,0.4388471539999999,107,1.3380005340531491,99,1,1.3188495964958693,1.0480306276525464,0.9454119179916002,2.039709994072582,174
R175C,0.4382901489999999,108,0.7549133284623395,246,1,0.5031186108551617,0.4499737202247548,1.0689546305657132,0.9976063522037284,175
M154Y,0.4374602139999999,109,0.1059729639218846,443,1,-0.1807017329790197,0.3043621537969063,-0.240863884417448,0.5410953192871001,154
I158M,0.434935123,110,0.6020781227352187,294,1,0.5710729348320207,0.7423950251784619,0.8214845298851488,0.2733600010452434,158
D128H,0.432801604,111,0.7553820259538541,245,1,0.9100799547941292,0.721462165828206,0.5670016758875737,0.8229843073055073,128
I113V,0.4305388029999999,112,1.495128478386195,68,1,1.52231669314982,1.4618127301194748,1.395850110070275,1.60053438020521,113
E163K,0.430303186,113,1.62299160425602,46,1,1.7862708911209106,1.536692534027294,1.329939705957459,1.8390632859184164,163
S203M,0.428164989,114,1.0417356802053723,158,1,0.7094673767608771,0.9886712472905116,1.2886563203447086,1.180147776425392,203
N204Y,0.4258109029999999,115,1.1581435143826253,132,1,1.200245277262231,1.1291149174595891,0.6318922908739047,1.6713215719347767,204
R175A,0.424381435,116,0.9643339793328948,176,1,0.83834955997334,0.7346519065546478,1.1048434821806865,1.1794909686229045,175
M154K,0.423454076,117,-0.194639252721389,536,1,-0.3981764704708546,-0.081340314361878,-0.6499681518377399,0.3509279257849163,154
I105Y,0.423285991,118,-0.0342347215206659,481,1,0.2747255432044431,-0.3798143080786921,0.1254350656871428,-0.1572851868955575,105
N204T,0.420052052,119,1.2504719707789305,115,1,1.2012982422776246,1.437702259030098,1.0196170806984255,1.343270301109574,204
D128E,0.410443366,120,0.4700070607840754,352,1,0.9032809096160552,0.3791566633582769,0.5680813331312332,0.0295093370307361,128
K207C,0.409336597,121,0.6278299616521562,284,1,0.8004197610384541,0.4896558787254284,0.9824635214993114,0.2387806853454309,207
F176C,0.407153696,122,0.6810830622026945,267,1,1.1469467646896043,1.1354161035257946,0.8597246223765844,-0.4177552417812055,176
N204Q,0.403074771,123,1.0958272091158092,143,1,0.9772378430744196,0.8352083627610014,1.2002836608451457,1.3705789697826705,204
N228D,0.398975611,124,1.98241011462686,9,1,1.8628893662068684,2.140654220721725,1.594818049906934,2.331278821671912,228
I158L,0.393582195,125,1.149340899616871,136,1,1.321484722164113,1.4632018094759225,0.8256146333218459,0.9870624335056024,158
K207V,0.3929432029999999,126,1.3805060459106646,85,1,1.6959112258063105,1.472966500717244,1.2572262058569683,1.0959202512621364,207
R175H,0.3898555039999999,127,1.1519888645638547,134,1,0.8917826721378113,1.060093685221699,1.181288421008727,1.4747906798871817,175
T129C,0.383754075,128,1.3336319515328792,100,1,2.0090181870762027,1.01933588928514,0.7349049824692417,1.5712687473009324,129
D128M,0.380667329,129,-0.4145263607809378,591,1,0.1629093844073957,-0.2715864091699098,-0.55715477787139,-0.9922736404898476,128
I105E,0.377802879,130,-0.1866419692449135,533,1,-0.1718461289984033,-0.8397957177799784,0.6007416954452773,-0.3356677256465497,105
I107R,0.377602607,131,-0.0276928237657149,475,1,-0.428338172900169,-0.1373288073046042,0.0581904089918245,0.396705276150089,107
V78M,0.3774795829999999,132,0.7581750034508391,244,1,0.8981951962146658,0.6389581941626283,0.9586774854910368,0.5368691379350256,78
F176I,0.376640707,133,1.751556662416096,30,1,2.738063233320544,2.256282245597909,2.4126482402259146,-0.400767069479983,176
L80Q,0.376040548,134,-0.1194315733347271,509,1,-0.1704606154749961,0.0369820473534864,-0.0605431873545356,-0.2837045378628631,80
N228Q,0.372387081,135,0.973350938879218,174,1,0.8838307401464142,1.1878189305926092,1.2259391384048224,0.5958149463730269,228
L80V,0.370746762,136,0.7220496160532915,260,1,1.563396522736623,0.8763938458041223,0.8151880532089293,-0.366779957536509,80
I105A,0.36964947,137,0.0972386997290429,444,1,0.5186502927241852,-0.047238157504497,0.6221533295435928,-0.7046106658471093,105
I45P,0.368201077,138,0.8488435007755913,211,1,1.7363907544891328,0.4423171113217084,1.619618976999457,-0.4029528397079328,45
I177V,0.363250881,139,1.352536424778203,95,1,1.2928211378099774,1.3648693012929356,1.383582913779593,1.3688723462303063,177
G173D,0.36072886,140,0.931319243668772,187,1,1.1398416771857087,1.2521020104655995,1.4477940668301017,-0.1144607798063215,173
I107L,0.360103905,141,1.321029184792378,103,1,1.402636012184414,1.6695558834044342,1.1600591681197994,1.0518656754608635,107
F176L,0.3566246329999999,142,1.940620189663204,12,1,2.4820695030661875,2.2573874103970613,1.8818699942839887,1.141153850905579,176
K207M,0.34971109,143,0.8656770472696437,205,1,0.5492870570855322,0.8335748996760737,1.241889937317057,0.8379562949999116,207
L80E,0.348671734,144,-0.4790485817051554,604,1,-0.5100867188035207,-0.5629326999566137,-0.5647544428053405,-0.2784204652551468,80
I105V,0.345408171,145,1.2358822848151942,119,1,1.3859605817871026,1.3276566587549836,1.258801280940718,0.9711106177779734,105
A77G,0.344299257,146,0.2199816475184426,419,1,0.3927198529118121,0.6364381934204961,-0.4440965291647378,0.2948650729062001,77
R175I,0.343575656,147,0.7373456100077319,255,1,0.7406912984914171,0.5485107852546867,0.8569648871000909,0.8032154691847332,175
I105H,0.338361412,148,-0.0009949078155167,470,1,0.0076596657339327,-0.5225486160414685,0.6478630742517323,-0.1369537552062635,105
E163A,0.3363269270000001,149,1.224218489529479,122,1,1.2274211642794823,1.0649059442566224,0.9331122205662816,1.6714346290155293,163
E163Q,0.334473044,150,1.291691982394279,106,1,1.425178260240969,1.1825472600650495,1.0077336203941183,1.5513087888769783,163
L80T,0.332866848,151,-0.1659791945661686,530,1,0.2103501273829712,-0.1170703248842521,-0.0537487877469183,-0.7034477930164754,80
D128R,0.331468523,152,-0.2604187355242525,553,1,0.6303765637922731,-0.5726240324505694,-0.1863987710530895,-0.9130287023856244,128
N44G,0.330689102,153,1.8756017658214208,19,1,2.047544387999381,2.422439668145699,1.5043259136769451,1.5280970934636575,44
E163V,0.3301205339999999,154,1.2060527321624424,123,1,1.2838514277117123,1.1420910016134145,0.8118662542139398,1.5864022451107025,163
E163C,0.323978931,155,0.5870302606864313,297,1,0.4722741277327145,-0.0241006714662042,0.8876222790951476,1.012325307384067,163
V205L,0.323016495,156,0.853516174991411,210,1,0.9222994658967556,1.3937379316783118,1.142158502460869,-0.0441312000702923,205
I45F,0.31962201,157,1.6859744584335192,40,1,1.4769227230206337,1.8253371411928756,1.5065273098293783,1.9351106596911896,45
S104T,0.318038911,158,1.4617448212316004,75,1,1.1608875342900673,1.285142366456267,1.7169115824954932,1.6840378016845747,104
L80A,0.316854835,159,0.1632553588283241,430,1,0.4487851649466388,0.3191500805895768,-0.0377080303609696,-0.0772057798619494,80
V134A,0.308518291,160,1.564453915020965,57,1,1.4489422254728457,1.8926401613596608,1.14493693990516,1.7712963333461942,134
F176T,0.300220728,161,0.7625982945133405,240,1,1.6189705585057454,1.524964265337899,0.809885280236846,-0.903426926027129,176
T46P,0.299378485,162,1.5948730845560362,50,1,2.039642094682511,2.525785127943488,1.110006089906976,0.7040590256911695,46
P106G,0.296944559,163,-0.147211882805425,522,1,-0.0410047567637859,0.5499310903821032,-0.8769075291954642,-0.2208663356445529,106
V134C,0.290239304,164,1.0541624497780653,154,1,0.9512870984782557,1.0254476016113354,0.6947463863648506,1.5451687126578193,134
K207S,0.285990387,165,0.7851538247707943,231,1,1.0075528018904842,0.6864243577257497,1.00710576439236,0.4395323750745835,207
G226K,0.2842511239999999,166,0.2294191606380029,414,1,0.9172782682721526,0.2777333647913779,0.2899974609451924,-0.5673324514567114,226
N44Q,0.28185451,167,1.0717927070810964,149,1,0.7889570004707298,0.8916075898967097,1.1426851888338807,1.4639210491230654,44
A47C,0.281428397,168,0.9337289514899872,185,1,0.9944298701336992,1.3040312778361656,1.0388180068413828,0.3976366511487004,47
L80H,0.280159622,169,-0.3368833558208613,567,1,-0.2780993020023911,-0.3168394695882046,-0.5647544428053405,-0.187840208887509,80
A47V,0.27798608,170,0.3695902562423759,378,1,0.7579403592760551,1.1210811685562796,0.7655110788413516,-1.166171581704183,47
T46C,0.277610153,171,1.0953640459368177,144,1,1.3607583774471843,0.9089967916936744,0.9204224993970622,1.1912785152093497,46
V206M,0.269157559,172,0.7801651503061975,236,1,0.7557348103383094,0.999498238013652,1.167885783650793,0.1975417692220356,206
A77V,0.266685695,173,0.8870824203585272,198,1,1.3965774033179938,1.3050811742672404,1.3308231540569535,-0.4841520502080783,77
E163P,0.2652867439999999,174,0.5773950902441856,300,1,1.1053059326911632,0.3291829644306556,0.7201668304074028,0.1549246334475203,163
E163R,0.2631164789999999,175,1.4214930667853405,77,1,1.5773497688672888,1.239439555213001,1.2060714686573886,1.663111474403684,163
T129V,0.258909077,176,1.1400393365024408,138,1,2.306650068421684,0.7532395297571755,1.0658229413903395,0.4344448064405637,129
S203L,0.258496791,177,1.2420361536028195,117,1,0.9616046605077252,1.222359619435092,1.295537470353408,1.4886428641150535,203
E163H,0.257867992,178,0.8603502555423903,207,1,0.7027047364997009,0.4881743685938375,1.0178295164516296,1.2326924006243931,163
D162G,0.251383901,179,0.7433166081116245,251,1,1.281553754807414,0.6136476188417086,0.4461956710041939,0.6318693877931809,162
E163S,0.24929674,180,1.3585413933836172,92,1,1.4158865577072484,1.2302059513857009,0.9125650209908144,1.8755080434507048,163
G173Q,0.247787863,181,0.3422057496448969,388,1,0.3123397039697717,0.4155686546909104,1.1424048010114989,-0.5014901610925929,173
G79A,0.241450787,182,1.3304490158820026,101,1,1.789603803474321,1.6309177937707924,1.6412525089316097,0.2600219573512881,79
L80S,0.2369086,183,-0.2945757927382744,560,1,-0.2285959101824128,-0.3741460515617631,-0.1041873009615323,-0.4713739082473893,80
V227F,0.23653996,184,0.6727324353346215,272,1,1.346241399663899,0.7199350324144812,0.9002827434502066,-0.2755294341901009,227
T46V,0.235932708,185,1.661536197794536,42,1,1.5776567843109104,1.6435446292068066,1.045787574123586,2.3791558035368414,46
F176A,0.2346988019999999,186,0.6341665612381605,281,1,1.4610269919826304,0.9964807440502172,0.8514096110820957,-0.7722511021623012,176
V130C,0.234490931,187,0.6802730564866488,268,1,0.3563638110164585,1.006715317701386,0.5660360402382209,0.7919770569905303,130
D128V,0.23324208,188,-0.4119167628605474,590,1,0.2177426133067612,-0.3155193860969511,-0.4373292879082356,-1.1125609907437644,128
T129A,0.231911495,189,1.5194398434520346,64,1,2.688861611130352,1.7959718589991869,1.1894641210357058,0.4034617826428933,129
E163M,0.231842563,190,1.004161631812208,166,1,1.1659338138648505,0.7155034660124461,0.862265834162737,1.2729434132087982,163
N204K,0.231787309,191,1.2292174239852522,121,1,1.2987203648030994,1.0109688785108326,1.157025449003685,1.4501550036233912,204
E163D,0.229501426,192,1.027927047164345,161,1,0.7831355391232456,0.8744942469067464,1.0126261023869574,1.44145230024043,163
N204A,0.226523653,193,0.8154435452963282,217,1,0.6142340217244668,0.5990388195256133,1.0363375426665316,1.012163797268701,204
S104H,0.222588763,194,1.2959715443115054,104,1,1.0541430205754876,0.8735917535661727,1.7074967637898943,1.548654639314467,104
I113C,0.218124121,195,0.2880883948116945,399,1,0.0766827179456461,-0.2035755581160002,0.4974525752004118,0.7817938442167204,113
V130I,0.2151529489999999,196,1.742111833962468,31,1,1.760200768815308,2.342363266447111,1.3487715868039234,1.5171117137835302,130
T129S,0.213505074,197,1.660272375005329,43,1,2.1518858517520134,2.263043700151463,1.2796150188870006,0.9465449292308392,129
N204W,0.212294132,198,0.745488019159191,250,1,0.5296990077792775,0.5501036112085333,0.614204446557927,1.2879450110910262,204
A47P,0.206417516,199,1.8075937881512711,27,1,2.767533493663858,2.480373632575488,1.1950751648163405,0.7873928615493981,47
L80M,0.201555163,200,1.0298518492840625,159,1,1.1784959526558811,1.3048654609073145,1.019622346479356,0.616423637093698,80
V130F,0.2008481919999999,201,0.5380293609357129,321,1,0.3478258687748639,1.4949345473529685,0.3003675507415081,0.0089894768735112,130
S203Y,0.199045166,202,1.1725402805908618,129,1,0.9459980679015764,1.031432541047011,1.2332883422051426,1.4794421712097168,203
N204C,0.198628023,203,0.7431446296542494,252,1,0.6483548829228435,0.3922485508703058,0.9645791996992864,0.9673958851245616,204
N228S,0.1966355889999999,204,1.3946751191062463,84,1,1.240265603899813,1.6693166416442276,1.0332212109163952,1.6358970199645502,228
E163F,0.194899574,205,0.9510996453009738,180,1,1.0205937339725284,0.738784553201062,0.5463018905516822,1.4987184034786227,163
V206L,0.191953525,206,1.238101209468137,118,1,1.464298691359734,1.7139536630999377,1.517191142747771,0.2569613406651058,206
T129L,0.190938905,207,0.7817658745138402,234,1,1.7768379898388742,0.1635861566601536,0.638426819852117,0.5482125317042157,129
A77T,0.190711781,208,0.4595767386449856,356,1,0.9766047622784578,0.7496399026583156,0.5879450219445173,-0.4758827323013482,77
G79C,0.190247998,209,0.3209278460374531,392,1,0.735973314062079,0.2425222879398336,1.0934456183903856,-0.7882298362424854,79
I105D,0.188250393,210,-0.5363297110034972,618,1,-0.6250877697143301,-1.1836122733264862,0.6137779584375814,-0.950396759410754,105
G79S,0.186532632,211,0.6837219840518389,265,1,0.9313710375840608,0.7767650630011596,1.116326598485844,-0.089574762863709,79
I107H,0.1833873389999999,212,-0.7658407835288339,667,1,-0.6727583747143202,-0.9334690417653652,-0.7570796370418547,-0.7000560805937956,107
K207R,0.18319872,213,1.4637533503513784,73,1,1.352892518047412,1.4036498390294698,1.5001628118802148,1.5983082324484177,207
A229C,0.182960793,214,0.8194703026959043,215,1,0.7903333499311472,0.5139255950140564,0.817240702889096,1.1563815629493173,229
S203V,0.1827730239999999,215,1.0808740873485625,147,1,0.8243734487966216,0.9075731209142972,1.2981026573288446,1.2934471223544872,203
V227C,0.182765394,216,0.9942542567582856,168,1,1.2610402769179505,1.4225955925313716,0.9526122180554129,0.3407689395284081,227
V78I,0.1813068689999999,217,1.5063487658112422,65,1,1.5455273410228818,1.765432213578766,1.429766461058963,1.2846690475843576,78
V78L,0.179619014,218,0.7967534584239024,224,1,1.1712301331582955,0.9752434178512942,0.9293525884795526,0.1111876942064675,78
G173R,0.177889004,219,0.7545131272241581,247,1,0.8169482119810497,0.9964880362961324,1.1646222252662206,0.0399940353532298,173
A127C,0.177854732,220,0.4035337846242495,367,1,0.4644437903548829,0.7360541368844977,0.4093745970938098,0.0042626141638076,127
G173H,0.177757785,221,0.3801057837589162,376,1,0.2154675927803873,0.5138600271277112,1.1071343780866598,-0.3160388629590934,173
V134T,0.1744618269999999,222,1.2634743997838465,111,1,1.1645930734269714,1.4591062473279643,0.8483667695345972,1.5818315088458528,134
D128L,0.173547283,223,-0.7086754864496785,656,1,0.0808861743939022,-0.8137136602373993,-0.9513908941235631,-1.1504835658316532,128
V130L,0.169000253,224,0.9138013642243984,192,1,0.9245722952969576,1.6925811810440368,0.9112812520525896,0.1267707285040097,130
K207A,0.163522199,225,0.8062249848603191,222,1,0.9975529918228788,0.9155674168974008,1.033426175275692,0.2783533554453049,207
G173E,0.159663111,226,0.6332344184625114,283,1,0.7302231287600705,0.8335361323516374,1.1562299138958068,-0.187051501157469,173
N228G,0.156425536,227,0.8951498122825456,196,1,0.8698685232874214,0.6889651756485278,0.9684005224957216,1.053365027698512,228
R175D,0.155194804,228,1.5006247294805597,66,1,1.4442880640377536,1.7622723338393271,1.396624208903663,1.3993143111414956,175
T46I,0.148645356,229,1.7111336861080748,38,1,1.6541456156168657,1.6359634981653235,1.176241579640718,2.3781840510093923,46
D128I,0.147935674,230,-0.7416347090187768,664,1,0.0824844591575827,-0.7967156219905345,-0.9513908941235631,-1.3009167791185925,128
D128K,0.1413766,231,-0.206085021533696,540,1,0.7206520963063596,-0.6687617615938486,-0.1387093771591482,-0.7375210436881469,128
I158T,0.139298111,232,0.6120109574393212,289,1,0.5712585876636718,0.9834911972885492,0.6471861838925383,0.2461078609125256,158
I177M,0.13652204,233,0.6641399155634538,274,1,0.3707955217692114,1.0391358951161784,0.8317100118755846,0.4149182334928409,177
A47T,0.1352662,234,0.8349892254092401,212,1,1.344558479429583,1.5112080355249604,1.0106365524342793,-0.5264461657518618,47
D128W,0.13013877,235,-0.4426154760213684,596,1,-0.1731801639457472,-0.018589603361218,-1.1371464550039212,-0.4415456817745871,128
V227T,0.126939178,236,0.9245291902936452,190,1,0.7758292417918778,0.9029467206598704,0.993672063974298,1.0256687347485345,227
N44E,0.124005191,237,1.369107253027649,87,1,1.2389977151849068,1.306380876866065,1.209550347115956,1.7215000729436676,44
Y76R,0.122190148,238,0.331634609897653,390,1,1.0823330832304,0.1848742792729281,0.3529308013515605,-0.2935997242642766,76
Y76E,0.112698324,239,0.7395132408268942,254,1,1.477884949634554,0.3014794105656762,0.7877896156046558,0.3908989875026906,76
A229V,0.108034812,240,0.2641188792435325,405,1,0.8605454103155771,0.0479691558523127,0.5248325987178548,-0.3768716479116143,229
N204R,0.107878871,241,1.1674379996735946,130,1,1.1967362531427512,0.897083754944326,1.1091952818063584,1.4667367088009429,204
E163I,0.107209109,242,1.356522650890532,93,1,1.5132529740720455,1.2243816283408164,1.0737706430027585,1.6146853581465068,163
E163N,0.105955459,243,0.9640060916401022,177,1,0.9409040217762448,0.6349440932574967,1.0540115513983097,1.2261647001283578,163
M154W,0.097851254,244,-0.4075423366496826,589,1,-0.7281314584355203,-0.3919219293728798,-0.240863884417448,-0.2692520743728824,154
V134S,0.096894473,245,1.1382134870115037,140,1,1.081173333036568,1.4033507946200725,0.6976889383958129,1.3706408819935614,134
E163L,0.095099598,246,1.263301629042223,113,1,1.4676564891064172,0.9928307568257232,0.9238553438907898,1.6688639263459617,163
S104A,0.094905779,247,1.1495212790704326,135,1,0.8497637419849348,0.6887396769671607,1.7167824673898806,1.3427992299397538,104
A127S,0.090133034,248,0.8778835837980207,200,1,0.8164275101797537,1.121567816899042,0.6211258780241589,0.9524131300891284,127
I107F,0.089984469,249,0.0416708397739446,460,1,0.4144235763158305,0.0780669347991151,-0.0284577012431479,-0.297349450776019,107
S203W,0.088397086,250,0.7908394845766612,227,1,0.3415902588029275,0.4643173809586124,1.2226491788439129,1.134801119701192,203
V78A,0.087045267,251,1.8111095736047864,26,1,1.633647952502772,1.963795731137464,1.786232440861098,1.8607621699178116,78
T46M,0.082681775,252,1.1001114480733456,142,1,1.1193886099337031,0.95704546235355,0.9475699330356818,1.3764417869704475,46
L80F,0.079006724,253,0.5636723302627691,309,1,1.0695109608745794,0.8084702523936383,0.436807274592316,-0.0600991668094572,80
I177L,0.078984253,254,0.975837779314136,172,1,0.9648887333032116,1.3442619752795455,0.8699714614086895,0.7242289472650976,177
A77S,0.077248216,255,1.0631082710230744,151,1,1.1949595398192985,1.382324507264463,0.5973206105026229,1.0778284265059126,77
L80N,0.074859053,256,-0.4661406338574468,601,1,-0.4081262455278748,-0.6337477623626698,-0.2183110392881333,-0.6043774882511093,80
E163G,0.074102446,257,0.8601743230806776,208,1,0.9077903052783132,0.9035611391233632,0.8300416153634094,0.799304232557625,163
T46A,0.06050545,258,1.2824384836929863,107,1,1.415761083511461,1.6915106855764246,0.9267126571962648,1.0957695084877943,46
P156A,0.060414054,259,1.1533406176860677,133,1,1.571556167044632,1.199334134814825,1.5170789923392272,0.3253931765455865,156
D128Y,0.0536972879999999,260,-0.0501794800736447,488,1,0.5956763172781245,0.1240245383611839,-0.6066518219309364,-0.3137669540029511,128
T129M,0.052771781,261,0.7865544852504036,229,1,1.620654245634222,0.318622296500628,0.5946201187033596,0.6123212801634051,129
S104C,0.043713417,262,0.8888592482881488,197,1,0.4799918927812184,0.1397152078019804,1.7031424735199951,1.2325874190494013,104
I107Q,0.043592237,263,-0.619841087273955,634,1,-0.6223804657721866,-0.8445689601829125,-0.7570796370418547,-0.2553352860988662,107
S203I,0.030494196,264,1.0279918324854784,160,1,0.7034460589285567,0.8914034070110938,1.257079109011189,1.260038754991074,203
L80G,0.029088721,265,-0.5132043655392104,612,1,-0.4338773398628419,-0.5035217129311811,-1.1540826780995366,0.038664268736718,80
G126K,0.026484523,266,-0.0488035546614766,486,1,0.7403449329995432,-0.0185210437842405,-0.0324728714735446,-0.8845652363876645,126
M154V,0.021198129,267,0.531875287695039,325,1,0.979351184267259,0.8466315101694032,0.8263791311295148,-0.524860674786021,154
Y76D,0.0205235839999999,268,0.5010005920991676,343,1,0.9703092056722524,-0.0445875196047791,0.712935286912626,0.3653453954165712,76
Y76L,0.009922401,269,0.7494172573512535,249,1,1.232200403574304,0.5482400372525146,1.1058847679268744,0.1113438206513214,76
T129H,0.004066132,270,-0.2032016881621923,539,1,0.2877931876923187,0.0191154215932071,-0.7999563826512782,-0.3197589792830171,129
S104M,0.001684728,271,0.874448638132109,203,1,0.3785396576656432,0.3897382731227267,1.5472530628033854,1.1822635589366806,104
I107T,0.0,272,0.5900452626755299,295,1,1.1436056388352942,0.5581198462562696,0.6503947719003974,0.0080607937101582,107
V227W,0.0,272,-0.3615714728027797,572,1,-0.3770362789403048,-0.6083876994925501,0.6578364623494011,-1.1186983751276651,227
A174W,0.0,272,-0.6069205734806331,631,1,-0.9200609643407304,-0.769891874478837,0.3735340710473646,-1.1112635261503296,174
Y76Q,-0.011543141,275,0.3185661218597915,393,1,1.0903430156204663,-0.2511008075690984,0.7338899252482549,-0.2988676458604568,76
P106S,-0.014265135,276,0.2084138252053742,421,1,0.3407723500698733,0.3292070226094858,-0.1890770619464123,0.3527529900885499,106
P106N,-0.014676333,277,-0.7470317392906569,665,1,-0.4565224741821472,-0.4480006716496635,-1.504567260180599,-0.5790365511502176,106
T46L,-0.0147434319999999,278,1.1752874703373004,128,1,1.2414134317894745,1.568674361312876,0.9825016463147864,0.9085604419320644,46
N204P,-0.020356329,279,0.1613526952487899,432,1,0.2270835517344633,-0.0937518415627395,0.7429967193142516,-0.2309176484908155,204
A174T,-0.020877542,280,0.6033301322626559,290,1,0.8747853330833975,0.2357348898190828,0.8968028146940084,0.4059974914541351,174
A47S,-0.024176987,281,1.6085165249293754,48,1,1.830103583963012,1.8169998447624989,1.0336477971565217,1.7533148738354694,47
E163Y,-0.0243063029999999,282,0.8862634312199853,199,1,1.094163205434317,0.6146254030631809,0.5432809896920051,1.2929841266904376,163
I105W,-0.02456918,283,-0.5932978177024459,627,1,-0.5658326548653203,-1.1483262795553717,0.0910488106039995,-0.750081146993091,105
T46Y,-0.0257963589999999,284,1.2728341953017122,109,1,1.463531642531824,1.430400726408906,0.8923877819809314,1.3050166302851876,46
S203F,-0.027891116,285,1.0607635169877696,152,1,0.6729211064468662,0.8789312980749396,1.2468690994648204,1.4443325639644518,203
L80Y,-0.03046526,286,0.08768714815176,448,1,0.5657591316406212,0.1932052651058783,0.0541108458121886,-0.4623266499516482,80
T129I,-0.034348615,287,0.833424028962473,213,1,2.061609223674841,0.3427292149573793,0.6224789435635164,0.3068787336541556,129
T46F,-0.038101438,288,1.1391640471351536,139,1,1.3452803137244862,1.0458816588756377,0.8653659584803729,1.300128257460118,46
Y76N,-0.045170583,289,1.1949477646976672,125,1,2.199541234869597,0.9429536022478636,1.2971571715947223,0.3401390500784853,76
A47L,-0.04936374,290,0.3619914863935487,382,1,0.8830641295437387,0.5033990822187414,0.7142228914270576,-0.6527201576153424,47
V134I,-0.053062577,291,0.8138130000251109,219,1,0.9545723828376252,0.9287449415537632,0.7603132727122339,0.611621402996821,134
V205M,-0.0537242109999999,292,0.814533585184399,218,1,0.7538886576486721,1.3559358014321314,1.1002241895237348,0.0480856921330578,205
I105S,-0.055100627,293,0.2124664840560796,420,1,0.3726983730707919,0.0008052776967729,0.6365708054404293,-0.1602085199836756,105
T46H,-0.0582453609999999,294,1.0477351020623886,157,1,1.5041447719107366,1.3585198118884052,0.6098262474801528,0.7184495769702595,46
V227Y,-0.064252384,295,0.4533182786176314,358,1,1.021781221245902,0.5716839222730075,0.8454617250669083,-0.6256537541152922,227
N44K,-0.071262561,296,1.582357566242085,53,1,1.3464183137688177,1.6589904786309062,1.485590767935381,1.8384307046332355,44
V78T,-0.073518321,297,1.4637081689111846,74,1,1.230119445937388,1.3890262682408805,1.7478193459051687,1.4878676155613009,78
F176S,-0.0745077879999999,298,0.5291371284170081,329,1,1.1335475899229364,1.0414652379074256,0.865388257788061,-0.9238525719503908,176
G226N,-0.077103369,299,0.6596314638391158,275,1,1.215563259884603,1.1285140862577154,0.5531647403946666,-0.258716231180522,226
N228E,-0.078592144,300,0.9455743013253352,182,1,0.9058843477331596,0.8357660637562675,1.2146341718433016,0.8260126219686126,228
N44H,-0.081100389,301,1.0510568815519332,156,1,0.6324752759956704,0.9147494388171736,1.1637299906393486,1.4932728207555404,44
A127V,-0.084520496,302,-0.0790105802242276,497,1,0.5781018098120658,0.6999694863684865,-0.4713667217246299,-1.1227468953528328,127
N44S,-0.087633915,303,1.3749638577884589,86,1,1.1560017224849355,1.4709065347366292,1.130028167855844,1.7429190060764268,44
I105P,-0.087667331,304,-0.4034665154186371,588,1,-0.2067118442054659,-0.128459441811718,0.2188794117658581,-1.4975741874232225,105
A174V,-0.087694712,305,0.3853516321128217,372,1,0.9545255442934556,0.3565146760808656,0.7037160234023309,-0.4733497153253648,174
V134G,-0.088835813,306,0.4170355423569953,366,1,0.4506628054082646,0.5639849310860114,0.3259504800184949,0.3275439529152104,134
N204F,-0.090108611,307,0.812370907905831,220,1,0.6152363717252883,0.5975690268489968,0.6485296545498268,1.3881485784992125,204
S104Y,-0.090823196,308,1.004849969001707,165,1,0.6879074427896479,0.5535313407498447,1.547618664021517,1.230342428445819,104
A77I,-0.091671504,309,0.0059848175397845,468,1,0.8240403073956437,0.2339348892889884,0.1712076439209236,-1.2052435704464175,77
T46S,-0.093919106,310,1.4930652272779814,69,1,1.9658722833992308,1.827762903680108,0.9270231787341214,1.251602543298466,46
A127G,-0.096499436,311,0.2621111353373061,406,1,0.2764835481770806,0.2846477851102011,-0.0548238514692631,0.5421370595312057,127
I158F,-0.104926214,312,0.2254008679103454,416,1,0.4680638143484379,0.1671390385928926,0.3812140289249182,-0.1148134102248671,158
T129N,-0.11719434,313,0.5337133448965233,323,1,1.030228553975798,0.8090631057538273,-0.2457543299216305,0.5413160497780984,129
G126R,-0.119422719,314,-0.0297673250765139,477,1,0.5668913252005969,0.1383308029621446,0.0308143628761465,-0.855105791344944,126
D162E,-0.119764879,315,0.7824146325982064,233,1,0.8982022078184161,0.6177048499534478,1.167535270605489,0.4462162020154728,162
R175Y,-0.123391166,316,0.8740651672508979,204,1,0.7506171258282761,0.843081619927296,0.7962350368858158,1.106326886362203,175
I105T,-0.124934115,317,0.5252998846105643,330,1,0.945382090778733,0.3269899305438169,0.6818734078654871,0.1469541092542203,105
T46G,-0.127616376,318,0.7852076757672193,230,1,1.5097378147992844,0.8422787249540039,0.3320971119660864,0.4567170513495026,46
T46N,-0.128038749,319,1.8296999428208471,23,1,2.5344065688080315,2.346814278838252,1.1363927749213458,1.30118614871576,46
G173S,-0.128081575,320,0.6231867333531657,287,1,0.7984619511368906,0.6751193820973015,1.035840080636578,-0.0166744804581074,173
P156G,-0.129965231,321,0.0466676851762637,457,1,0.5697691889817598,0.0410951233570179,0.3591694264657412,-0.7833629980994641,156
S104V,-0.134235814,322,0.7603400057294243,242,1,0.4500683528778164,0.1384712877680599,1.5524538868593134,0.9003664954125077,104
M154N,-0.139466599,323,-0.661901957153871,643,1,-0.8473090793875583,-0.4755419262978713,-0.9507519795661846,-0.3740048433638702,154
K207Q,-0.1413138659999999,324,0.2920853741590477,397,1,0.2417463618534689,-0.0996292671163373,0.5513213115593695,0.4749030903396895,207
G126N,-0.141865283,325,0.3700895773341145,377,1,0.6162655179102954,0.9783733495209715,0.4722069930442851,-0.586487551139094,126
D128F,-0.146505266,326,-0.4250236820185974,594,1,0.1877253447591101,-0.1794595399335773,-1.1371464550039212,-0.5712140778960011,128
I105N,-0.1485729519999999,327,0.1802596728378202,426,1,0.217302209835178,-0.2409295580363017,0.6507599276900778,0.0939061118623268,105
V78C,-0.149450615,328,1.5367155781208537,62,1,1.395498006232029,1.6957453301753145,1.373352401990009,1.6822665740860614,78
V130M,-0.150900036,329,0.4662512383248144,353,1,0.4225756483495685,1.023304927850131,0.8667051535183127,-0.4475807764187542,130
Y76S,-0.153362736,330,0.9586795609474856,178,1,1.8786643146368875,0.0951254301274967,1.3858262128769188,0.4751022861486397,76
A47G,-0.158716962,331,1.2922276662291288,105,1,1.9599538711631268,1.0677728564582596,0.9583604766251764,1.1828234606699517,47
D162H,-0.158884138,332,0.5657603394113495,308,1,0.7485095202304162,0.1345183918671026,0.9452240841945356,0.4347893613533438,162
P106Q,-0.160688818,333,-0.9590824434724008,709,1,-0.6807561141316889,-0.8912944310071266,-1.000851639243848,-1.2634275895069391,106
S104P,-0.16943942,334,0.5531261081939602,313,1,0.5320005409323318,-0.0050982004960761,1.6695223214015138,0.0160797709380714,104
G79V,-0.171301246,335,-0.5183428356868535,615,1,0.1638880702455604,-0.7529963016361091,0.8396506629828114,-2.3239137743396765,79
I105L,-0.174256608,336,1.4177098591087276,78,1,1.736627805340738,1.233126153076716,1.3611019077555804,1.3399835702618763,105
G126Q,-0.180098712,337,-0.1440837871089659,521,1,0.2221049264024834,-0.0564531879191251,0.3896995933191062,-1.1316864802383284,126
R175F,-0.190151781,338,0.6342999359041311,280,1,0.4436678671059301,0.3510127077015507,0.7884371008611354,0.9540820679479082,175
R175W,-0.190974742,339,0.5247722670290009,331,1,0.0833267538360327,0.4349080648184382,0.753915636164821,0.8269386132967119,175
I113T,-0.197764456,340,0.7103824484975338,263,1,0.757652561297859,0.4016801048944058,0.5871921005228043,1.095005027275066,113
P106T,-0.203219607,341,-0.4334395935514417,595,1,-0.1238307696287243,-0.3440416659648156,-0.3294490368395902,-0.9364369017726368,106
N228A,-0.2035473139999999,342,0.677053367079277,270,1,0.2507085061219515,0.6145628268674671,0.9999467247283615,0.8429954105993279,228
K207F,-0.2036935389999999,343,0.3822519035760319,375,1,0.6383299135711932,-0.1094694362192219,1.048289171554032,-0.0481420346018756,207
A127T,-0.207234174,344,-0.0266734748454776,474,1,0.1609638190344397,0.0764698706168737,0.5723224359628986,-0.9164500249961228,127
P106A,-0.208069026,345,0.0348232183923996,462,1,0.2955876937127507,0.3470055874078931,-0.158693097019,-0.3446073105320453,106
G126C,-0.22287719,346,0.0347937995983805,463,1,-0.0012265882351359,0.5069768949067446,0.1824394042608908,-0.5490145125389772,126
I107P,-0.227311015,347,-0.9566631919906704,707,1,-0.0709755476586367,-1.219760123307093,-0.8333946486803212,-1.7025224483166308,107
V78F,-0.237330541,348,0.5625409584984616,310,1,0.899336231613194,0.6062631291323739,0.7415643298195802,0.0030001434286987,78
Y76F,-0.2397203,349,1.4116437252982943,81,1,1.4044374852336097,1.316482881226115,0.8715755240638292,2.054079010669624,76
I105Q,-0.242011607,350,0.0832818773514275,450,1,0.1416847442963838,-0.3266385029449028,0.6830543364411975,-0.1649730683869683,105
N44C,-0.247562781,351,0.7176635637652904,262,1,0.0540529730654544,0.5802421519401931,1.1393459936794,1.0970131363761138,44
V206A,-0.248043492,352,0.7742501800524142,238,1,0.5802786292190041,0.7366973503703209,1.0279487576309148,0.7520759829894172,206
N44M,-0.258124024,353,0.5697032624897574,306,1,-0.2308586732912012,0.5432768224944647,0.8576561300040983,1.108738770751668,44
I158A,-0.262471646,354,0.5040240745581916,341,1,0.634008162087607,0.833547974460388,0.6842852828610467,-0.135745121176275,158
N228R,-0.270786941,355,0.7600372977998688,243,1,0.8169984274373197,0.3750120499493359,1.1171478763844058,0.730990837428414,228
I113L,-0.28276363,356,1.0037237045786505,167,1,0.9456947129275596,0.919281226855372,0.8759310332435034,1.2739878452881672,113
F176N,-0.285844922,357,0.5052268235759544,339,1,1.0708085071266715,1.0455194150016451,0.3758294560011082,-0.4712500838256077,176
V205T,-0.28602156,358,1.0234133186748064,162,1,1.030708732831891,1.1254136975330264,1.0735929554425538,0.8639378888917549,205
D162Q,-0.2867558,359,0.3277395921521361,391,1,0.4825011189174178,-0.0179667084409353,0.9191962853272208,-0.0727723271951591,162
G226E,-0.287587076,360,0.1908944442877561,422,1,0.6076639170089171,0.3368969140708103,0.5182547087472391,-0.699237762675942,226
D128P,-0.3012747169999999,361,-0.9192589608353036,697,1,-0.0638831042416507,-0.6582995701471156,-1.3914501503413903,-1.5634030186110583,128
A47M,-0.303801775,362,0.187890072601631,424,1,0.4773519981913059,0.1196500633887042,0.6672518082549791,-0.5126935794284652,47
T46Q,-0.307258993,363,0.9336784320441732,186,1,1.241388607618844,1.0082880120703566,0.6042967839271832,0.8807403245603098,46
N44R,-0.317975551,364,1.3655380904413348,88,1,1.0794823636358144,1.535688229714909,1.1267226315240089,1.7202591368906068,44
I113A,-0.336015522,365,0.2202193296990154,418,1,0.163427418190353,0.0820549830649954,0.5186512753656645,0.1167436421750489,113
G126H,-0.336621851,366,-0.15608217082606,526,1,0.1262276122731165,0.0691863504663598,0.4143977758768972,-1.2341404219206136,126
I107Y,-0.33747074,367,-0.367201670804404,573,1,-0.0909225292098109,-0.5978414914005763,-0.1576271863050209,-0.6224154763022078,107
S104I,-0.3521703779999999,368,0.7811194309257283,235,1,0.3762818697021629,0.1585680942405219,1.5620558974856338,1.0275718622745948,104
A47Q,-0.355157107,369,0.5424029380500242,318,1,0.8775722135725148,0.6766930113695945,0.8486868274792915,-0.2333403002213046,47
M154H,-0.355757326,370,-0.4465146884415752,597,1,-0.7973764588394742,-0.3616841642352674,-0.9507519795661846,0.3237538488746254,154
P106C,-0.356210798,371,-0.4974632547795041,607,1,-0.3661089264971834,-0.6572661903414034,-0.2277239980439924,-0.7387539042354371,106
D162A,-0.3621735270000001,372,0.2615792589145004,407,1,0.5959726735373687,0.0569141861874266,0.8270322518670534,-0.4336020759338472,162
P106H,-0.363166362,373,-0.922222367688037,698,1,-0.7369695334067609,-1.072867116058651,-0.8571528419682952,-1.0218999793184411,106
F176Q,-0.3842660189999999,374,0.0667395116164226,452,1,0.8645118642458939,0.5547954546955292,-0.1318894250193018,-1.0204598474564304,176
V78G,-0.387404829,375,0.8773636065572377,201,1,0.9556432248647864,0.7823379593792018,0.984933692211744,0.7865395497732185,78
I113F,-0.39636302,376,0.5444387412324441,316,1,0.4033269142645054,0.749125705830986,0.4338616307524156,0.5914407140818689,113
G226D,-0.39832288,377,0.3832701030740685,374,1,0.7874897966080414,0.8230702012916147,0.5366800319683784,-0.6141596175717603,226
N228K,-0.3987964989999999,378,0.9742626450053036,173,1,1.0159860663014586,0.6333664750643614,1.2592439263223891,0.9884541123330048,228
V130P,-0.4004978839999999,379,-0.3938057146122433,580,1,-0.4330698196456385,0.9582517369470214,-0.8455533733693379,-1.2548514023810182,130
K207Y,-0.4067031439999999,380,0.2678998185664455,403,1,0.5112893461282936,-0.400912707643904,1.0461970521924335,-0.0849744164110408,207
T129G,-0.40852502,381,0.6027472719764267,292,1,1.7153746709227575,1.122076778267766,0.1055209095888368,-0.5319832708736535,129
S104W,-0.4149569870000001,382,0.5387022834452078,319,1,-0.1268451663483543,-0.067403772861489,1.5376809593094565,0.8113771136812178,104
T46W,-0.415185481,383,0.5226325289490361,334,1,0.4195477955374472,0.4958033043585403,0.7407207502833159,0.4344582656168414,46
A77R,-0.418253481,384,-1.073928466191116,731,1,-0.9438864454398836,-0.7368618647516049,-1.4334047507096932,-1.181560803863282,77
N228C,-0.4192190770000001,385,0.571793762521766,304,1,0.1204881763783279,0.4862712793907245,0.9782193186240596,0.7021962756939517,228
V134R,-0.420349687,386,0.4653768346051301,354,1,0.2107422874118391,0.8733456870117124,-0.1410497235127867,0.9184690875097556,134
A77M,-0.421832651,387,-0.25754902762885,551,1,-0.0061254050185472,-0.3968288006240319,0.1202766149564682,-0.7475185198292891,77
I107E,-0.428083211,388,-0.7971372007144963,671,1,-0.845662744515825,-1.0911373707466618,-0.7570796370418547,-0.4946690505536442,107
V227L,-0.431704581,389,0.4973557423429569,346,1,0.835701893330006,0.2569424860923532,0.9155876957656638,-0.0188091058161952,227
V130A,-0.4319620729999999,390,0.5760739691422265,302,1,0.6550964368168589,0.6677836320145087,0.6296157273296479,0.3518000804078904,130
Y76C,-0.434945375,391,0.652072684325197,276,1,1.5733900945391277,0.0275223215759375,0.8846318863895792,0.1227464347961438,76
M154T,-0.441283584,392,-0.2168427284169862,542,1,-0.1397363349565462,0.0523999743316898,-0.0646080931369835,-0.7154264599061052,154
V134L,-0.442858219,393,0.4450233141376346,359,1,0.7602941443438217,0.5626874099282724,0.7694358325841264,-0.3123241303056817,134
T46K,-0.4490661620000001,394,1.0740383784543348,148,1,1.557108828406682,1.2882663770715688,0.4274407029223329,1.023337605416755,46
G126S,-0.452439427,395,0.1644639882529457,429,1,0.4283297519007313,0.7062688649549353,0.1753637553330672,-0.6521064191769509,126
Y76W,-0.4605215789999999,396,0.8760981463463557,202,1,0.7196198567667569,0.7452628099565334,0.7721520636097344,1.2673578550523985,76
T46E,-0.4608706529999999,397,1.0521503418870162,155,1,1.3795934011330295,0.918640880406404,0.5861361356654289,1.3242309503432026,46
V78P,-0.461588472,398,0.2855378836296167,400,1,0.3388308576138018,0.2303385031883129,0.6043971440368463,-0.0314149703204942,78
A229T,-0.465286851,399,0.6025125622477346,293,1,0.6593853987417311,0.301106945082025,0.8538667832159372,0.5956911219512452,229
V134K,-0.47764653,400,0.4031470765125073,368,1,0.2346313627258891,0.4535189982771381,0.0659940919129378,0.8584438531340645,134
N228M,-0.478882164,401,0.4369887765637611,361,1,-0.2721312414250263,1.072165530882082,0.725829510040355,0.2220913067576337,228
I113M,-0.482144266,402,0.7625654803690113,241,1,0.6185362335181902,0.8978248216445622,0.8787094178612967,0.6551914484519958,113
V205K,-0.483040839,403,0.9933319144039028,169,1,0.6055609514429507,1.1580098497917692,1.4876060059334972,0.7221508504473935,205
V205A,-0.4901840979999999,404,0.8196890849274309,214,1,0.8517925572634472,0.855752426982908,1.144947036366084,0.4262643190972847,205
T46R,-0.49457857,405,0.9311486767973552,188,1,1.394401006025068,1.0841258114126568,0.5321944327167982,0.7138734570348977,46
N204M,-0.502815962,406,0.439422925263311,360,0,0.2371134446755116,0.1829291817471945,0.6227204181752521,0.7149286564552859,204
M154Q,-0.509978235,407,-0.1688565386442026,531,0,-0.3453038741591212,-0.0225669314023345,-0.9507519795661846,0.64319663055083,154
V206F,-0.510725319,408,0.8060095705266883,223,0,0.9827328395112616,1.4962745754484337,0.8906200298548748,-0.1455891627078169,206
M154S,-0.511084616,409,-0.310862113136867,564,0,-0.4882636176900637,-0.2295012998230707,-0.1716574929412068,-0.3540260420931267,154
V227S,-0.515064776,410,0.6181531970035807,288,0,0.8622298321157698,0.6198213464216246,0.8941305561443837,0.0964310533325446,227
G126M,-0.51548475,411,-0.5243625931526954,616,0,-0.2313377823621629,0.0124127880403555,-0.5969413599796616,-1.2815840183093126,126
N228T,-0.519252717,412,0.7214480285014736,261,0,0.6798189907487614,0.8137204201447822,0.9916146556531008,0.4006380474592503,228
S104L,-0.5278726220000001,413,0.9249566839540996,189,0,0.4858737260992283,0.3647352186679942,1.570161219973783,1.2790565710753925,104
D162K,-0.529480696,414,0.4980317265550204,344,0,1.0723403105445,0.3444004481365328,0.3580055524795827,0.2173805950594662,162
E163W,-0.533418715,415,0.3571719424647891,384,0,0.2504188907979306,-0.1369324082958992,0.483694629630817,0.8315066577263079,163
I177C,-0.541076779,416,-0.2539978229629348,550,0,-0.1589375602706106,-0.6586503458736866,0.1806244222443083,-0.3790278079517503,177
N228Y,-0.5457321999999999,417,0.7002864259137602,264,0,0.4675978520345077,0.8325322954909137,0.9419226263202636,0.5590929298093561,228
G126E,-0.550061107,418,-0.0365170771051708,483,0,0.4275482931959967,-0.0891548595995247,0.4334445658525144,-0.91790630786967,126
A229S,-0.555894673,419,1.263420548703475,112,0,1.161269628027522,1.1902961750894627,0.8541538984218415,1.8479624932750744,229
N44P,-0.556441844,420,0.1898322074393144,423,0,0.5293065513039271,-0.3877824267687679,1.0743735195609567,-0.4565688143388581,44
V134M,-0.567394316,421,0.4258131749982864,364,0,0.5574816885229157,0.3568923770231222,0.7695202081671142,0.0193584262799936,134
G79M,-0.580685854,422,-0.3476779798551762,571,0,-0.0304757768366786,-1.1669994152484569,0.8280414380387147,-1.021278165374284,79
G226Q,-0.586143553,423,-0.0971372344801295,502,0,0.1959481643902469,-0.0146638819834989,0.515160685558819,-1.0849939058860851,226
T129D,-0.599756241,424,0.0921598026397279,445,0,0.5445472387283393,0.4336857098878212,-0.7999563826512782,0.1903626445940292,129
P156C,-0.603989422,425,0.390808374625803,370,0,0.7857146492953528,0.5213596969263677,1.0810087153479142,-0.8248495630664227,156
V206Q,-0.60432601,426,0.1870522057569514,425,0,-0.0049913554458142,0.2090375412365772,0.7537555668290621,-0.2095929295920193,206
N204V,-0.6075345870000001,427,0.5354087700889306,322,0,0.2335241737822287,0.3809350987850676,0.7388219610525982,0.7883538467358281,204
G126Y,-0.608429372,428,-0.2613684448156798,554,0,-0.0157303741499687,0.5106207740961991,-0.4178514735233975,-1.122512705685552,126
A47D,-0.609106898,429,0.2713460871531955,401,0,0.6722868398649761,-0.0505504576489339,0.7795091682289312,-0.3158612018321914,47
F176W,-0.610719502,430,0.571183062805464,305,0,0.5601354774305537,0.7559878962175302,0.6862742977847027,0.2823345797890697,176
T129F,-0.61474216,431,0.6653259861244709,273,0,1.4694381711306894,0.1521962918100298,0.8448464659437843,0.1948230156133797,129
V130T,-0.620589614,432,0.5588182443551917,312,0,0.3017684481965234,0.7153693385491232,0.5768416876503459,0.6412935030247743,130
S104F,-0.6211312410000001,433,0.8622900756561964,206,0,0.3907638216891408,0.3111868233967774,1.556698315377505,1.1905113421613625,104
V134P,-0.622462034,434,-0.1078205374141918,506,0,0.4118651400636047,-0.0393909529774538,-0.1430198937349213,-0.660736443007997,134
K207N,-0.626012325,435,0.2330059364876863,412,0,0.5235415565667918,-0.0767241357171095,0.5308799467730997,-0.0456736216720367,207
R175P,-0.6298676129999999,436,0.7890761985656716,228,0,0.8275090792384474,1.178297563522669,1.299505944984632,-0.1490077934830617,175
V206N,-0.629924893,437,0.4800345898230446,350,0,0.3196279825106196,0.5894999386000999,0.7853120721806541,0.2256983660008046,206
D162R,-0.636989653,438,0.4936238713136699,347,0,1.0304469061433208,0.4515773910571415,0.3558348833366175,0.1366363047175998,162
G126A,-0.639595687,439,-0.0863277112304734,500,0,0.087790438739651,0.5081210919196075,0.1893119991675662,-1.1305343747487189,126
G226L,-0.643882513,440,-0.818195786003181,677,0,-1.0047158199985473,-0.8761263101966731,-0.350891318487192,-1.0410496953303117,226
V205Y,-0.64718914,441,0.9103482883336392,194,0,0.7595596917399637,1.6808558105549414,1.1236047913202685,0.0773728597193835,205
T129Q,-0.6510097979999999,442,-0.0993784960679989,505,0,0.5068085962184893,0.211742652836548,-0.7999563826512782,-0.3161088506757548,129
T46D,-0.655901074,443,1.1638521808308808,131,0,1.7834181479568605,1.2658895283763951,0.5970490112776159,1.0090520357126518,46
K207W,-0.6567357779999999,444,-0.0672065102586024,492,0,-0.0997481792067592,-0.9794368669370922,1.002304262762497,-0.1919452576530554,207
Y76A,-0.657952011,445,0.6417790034605942,278,0,1.80601442660702,-0.1976522599727158,0.9357076066272232,0.0230462405808499,76
V227M,-0.6595293879999999,446,0.5192653537157839,335,0,0.551560311821991,0.6327231369247618,0.9070297948440058,-0.0142518287276232,227
G173C,-0.6606082320000001,447,0.1090823462819939,441,0,-0.2941994908901913,-0.2118336214898018,1.0008250284817188,-0.0584625309737497,173
P106D,-0.660916328,448,-1.0700856567349584,727,0,-0.8674609441247868,-0.9666284421124204,-1.504567260180599,-0.9416859805220272,106
V227E,-0.6646935939999999,449,-0.4246688652146715,593,0,-0.3273731669113695,-0.3505004767311803,-0.5601414132880096,-0.4606604039281269,227
F176Y,-0.668321729,450,1.1347953990808335,141,0,1.338081123795994,1.2263014211499563,0.713842380563981,1.260956670813403,176
G79N,-0.66980648,451,-0.6647270748664547,645,0,-0.2186541262914315,-0.968553096418837,0.0327911272758425,-1.5044922040313926,79
P106R,-0.671843052,452,-0.991930699817012,713,0,-0.8726893836183235,-0.9334498450838116,-0.972919013461794,-1.1886645571041197,106
V205F,-0.6719284059999999,453,0.7763572655760265,237,0,0.7346324221787149,1.4917046433546808,0.9096671144913024,-0.0305751177205923,205
G79E,-0.6725985999999999,454,-0.9985473370054768,714,0,-0.571237441348766,-1.174419306630267,-0.4193485355858868,-1.829184064456988,79
P106V,-0.675774813,455,-0.982262760015428,711,0,-0.4128118528457781,-0.9437115932582186,-0.5738575062711354,-1.9986700876865808,106
V205R,-0.6792791490000001,456,0.9113342498034896,193,0,0.4600101625467526,1.1423991457484832,1.4372067908032626,0.6057209001154596,205
Y76K,-0.681169391,457,0.3597486102765878,383,0,1.1651314621276172,-0.0315388869531341,0.360574974222667,-0.0551731082907986,76
A47N,-0.6988179090000001,458,0.8115804748244159,221,0,1.3378180339876309,0.9908776814583052,0.9275118557939632,-0.0098856719422357,47
K207G,-0.7002554540000001,459,0.0899997039855987,447,0,0.1560582226488729,-0.069122000514316,0.6776574530219904,-0.4045948592141523,207
M154A,-0.70788306,460,-0.1269441940046711,514,0,-0.1250175866752687,-0.3095729023512708,0.0356485571289337,-0.1088348441210787,154
Y76T,-0.7081957459999999,461,0.5479648831860657,315,0,1.1511669252526775,0.0993617887158111,0.9538760239510334,-0.0125452051752592,76
F176E,-0.7088606359999999,462,-0.098271788868664,503,0,0.4050774694081582,0.3353121906124245,-0.1318894250193018,-1.001587390475937,176
V78S,-0.710952997,463,1.5232227891918126,63,0,1.481880751766597,1.5949427139241683,1.4041091620443995,1.6119585290320853,78
K207H,-0.721527934,464,-0.0300665693662221,478,0,0.1972165944422073,-0.6054339036088167,0.5462715630995958,-0.2583205313978752,207
F176H,-0.72644192,465,0.5523140592853509,314,0,0.8343433564364686,0.8738145098644606,0.1524477376822127,0.3486506331582619,176
I113N,-0.731865525,466,-0.1578523662065588,527,0,-0.4622528620147436,-0.8982640729488606,0.0686830939475184,0.6604243761898503,113
G79W,-0.741596997,467,-1.0813611272940316,733,0,-1.1126672962314756,-1.4226141996674695,0.1133964593057456,-1.903559472582926,79
T129P,-0.7429550890000001,468,-0.5011199319491022,609,0,0.5102839543287863,-0.6894286097854322,-1.1303019563338423,-0.6950331160059204,129
A47H,-0.748160183,469,0.3354977798226499,389,0,0.8546360976975754,-0.0285980550621377,0.8388830378698608,-0.3229299612146986,47
D162Y,-0.755316436,470,0.1427954298911068,436,0,0.6091307599802358,-0.0213329836705198,0.0171892632826173,-0.0338053200279061,162
L80P,-0.7577474120000001,471,-1.2995096677964986,752,0,-0.7446473426250705,-1.52036769105944,-1.1540826780995366,-1.7789409594019476,80
M154G,-0.7590946559999999,472,-0.7118442289037069,659,0,-0.7339012865392112,-0.4610417004209528,-0.9507519795661846,-0.7016819490884791,154
I107W,-0.76157403,473,-1.0271478536302745,721,0,-0.9757391301589292,-1.4903221420449164,-0.4705253536131096,-1.1720047887041412,107
I177F,-0.769511163,474,0.0504442457658918,456,0,0.0524631950269121,0.4341216241436206,0.4083060013613584,-0.6931138374683237,177
P106K,-0.770021617,475,-1.0339856079110248,723,0,-0.8416857731798821,-0.9807916041781628,-1.0587993885377085,-1.2546656657483457,106
N204L,-0.779324412,476,0.4569468117434961,357,0,0.1689570473096892,0.1094303235369181,0.6555368546935983,0.8938630214337788,204
V134D,-0.7793732290000001,477,-0.0492162522033644,487,0,-0.2867653864581118,-0.4114222675256395,0.0059939089073468,0.4953287362629465,134
V134E,-0.7839751840000001,478,0.5298086522463887,328,0,0.0576615000910955,0.5876317524543571,0.1917568727971246,1.2821844836429777,134
V227G,-0.787095606,479,-0.1478236292668434,523,0,0.6388890374143632,-0.2026404054860301,0.0312807345306088,-1.0588238835263155,227
V206Y,-0.7873843309999999,480,0.6819305497249282,266,0,0.8389896394840747,1.046558154919739,0.9074392031618028,-0.0652647986659039,206
A229D,-0.787423015,481,-0.3751970110779494,576,0,-0.5353600445211847,-0.6089892786170816,0.2897214339227035,-0.6461601550962347,229
V134N,-0.788178742,482,0.348919828512485,385,0,0.1921654557229137,0.5399455749760268,0.2009857229784613,0.4625825603725382,134
G126D,-0.790537238,483,-0.1196131815531091,510,0,0.183693530823982,0.0783131260073517,0.3883279906237468,-1.128787373667517,126
V205H,-0.797103703,484,0.497381003123501,345,0,0.1442620242336885,0.8871219237557508,0.8872329930703254,0.0709070714342389,205
V134F,-0.801570892,485,-0.2484100942386007,549,0,0.0760635314674099,-0.6099919935938185,-0.0087851871859149,-0.4509267276420793,134
A47I,-0.802202821,486,0.0389971288094298,461,0,0.4550300420933849,0.5929513523589125,0.7412578806216703,-1.6332507598362482,47
A127D,-0.804648578,487,-1.1096755872715502,737,0,-1.1217053565773278,-0.923863720377072,-1.3822348235050237,-1.0108984486267776,127
I107D,-0.804747343,488,-1.0919344865780152,735,0,-1.1147577852672397,-1.2736230200559708,-0.7570796370418547,-1.222277503946995,107
D162V,-0.8055957559999999,489,-0.0430428403893299,484,0,0.2555910570157804,-0.032072155808241,0.1811120651228001,-0.5768023278876595,162
I113S,-0.8064255709999999,490,-0.0046783714524301,471,0,-0.1412152677887431,-0.5999822953551356,0.4952513652373796,0.2272327120967786,113
G226P,-0.809792697,491,-1.0034977757667074,716,0,-0.2901485883794124,-1.4964209527052628,-0.1243970969224909,-2.1030244650596632,226
F176G,-0.8099017740000001,492,-0.1268407621067618,513,0,0.6338330395505587,-0.135179277585702,0.1577052012292295,-1.163722011621133,176
L80K,-0.817483544,493,-0.632266064357715,636,0,-0.2129173970819141,-1.0030804473072534,-1.1540826780995366,-0.1589837349421558,80
T129R,-0.820364058,494,-0.4031322713404152,587,0,0.2447261645575371,-0.0765077367614139,-1.1303019563338423,-0.6504455568239416,129
V78H,-0.820822775,495,0.6798788895433374,269,0,0.4600322026982468,1.3665990594200723,1.144671743286363,-0.2517874472313325,78
N204I,-0.821626008,496,0.5098000405897596,338,0,0.1370046792387975,0.4530522945385873,0.6191977953038846,0.829945393277769,204
F176K,-0.821907043,497,0.0013402595845017,469,0,0.4522410220340057,0.4520889701551683,-0.2586446975901492,-0.6403242562610177,176
G79T,-0.8238180279999999,498,-0.201803794453131,538,0,0.2245333128719157,-0.6567630877001666,1.0807872747470293,-1.4557726777313025,79
N44Y,-0.825401068,499,0.6404226996972455,279,0,-0.0075266430944824,0.5246803488738182,0.9085623331367968,1.1359747598728498,44
K207P,-0.828209877,500,-0.0524871757825169,489,0,0.3229444453065181,-0.4926431778715315,0.7761041604331277,-0.8163541309981822,207
V206W,-0.829131961,501,0.0829980932240843,451,0,0.0575497268783715,0.0829836536985967,0.746155969083963,-0.5546969767645938,206
A229L,-0.83027488,502,-0.0673475669872625,493,0,0.3311804632505966,-0.6925718794091764,0.4306729620018829,-0.3386718137923532,229
V205N,-0.830857575,503,0.3621688337780259,381,0,-0.161994696839571,0.6113423965561795,0.8866244379398481,0.1127031974556469,205
G79D,-0.835770667,504,-0.8050181486243673,673,0,-0.5722902645854071,-1.0112078735234686,0.0048487152851633,-1.6414231716737568,79
G173M,-0.8362801670000001,505,-0.3180149189913211,565,0,-0.62312722734954,-0.4850667213466608,0.7045242710646947,-0.8683899983337788,173
A47F,-0.836700022,506,-0.024777716028759,473,0,0.5257868164441599,-0.3697619782485069,0.384491368619003,-0.6396270709296921,47
G173T,-0.840461254,507,-0.2112206896292356,541,0,-0.2463522295648329,-0.5760373021538269,1.007840272377508,-1.0303334991757909,173
A174D,-0.84537822,508,-0.1405883655578783,518,0,0.1415273441033735,-0.7839632913652076,0.5491548741337493,-0.4690723891034284,174
I113Y,-0.8481355909999999,509,-0.0300985842978158,479,0,-0.1637642245580775,-0.1006920652132614,0.3578783716889112,-0.2138164191088354,113
N228I,-0.8502823709999999,510,-0.0852037545696749,499,0,-0.3448824045954592,-0.0335746077742538,0.6517262402756049,-0.6140842461845918,228
V206S,-0.851555526,511,0.6506019510689609,277,0,0.2218577931482431,0.702290041068503,1.0040614728638022,0.674198497195295,206
G79P,-0.8563681240000001,512,-1.0732151853299516,730,0,-0.3716389422858439,-1.2047615316324376,-0.8511921513365691,-1.865268116064956,79
F176P,-0.856379151,513,-0.3868147480500963,577,0,0.5213530597462548,-0.4657748043079115,0.2842670360236811,-1.8871042836624097,176
P156S,-0.85700047,514,0.7248652463838319,258,0,1.222868448763907,0.7154279258239947,1.0325614103267182,-0.0713967993792926,156
V130W,-0.8572019340000001,515,-0.8231514334281396,678,0,-1.4574118187417502,-0.5805318187129047,-0.2390583196034704,-1.015603776654433,130
V205S,-0.860464454,516,0.543637293324684,317,0,0.4785307982938566,0.6323598958205585,1.0453175666311314,0.0183409125531896,205
A229F,-0.863360465,517,-0.2861633805583743,559,0,0.1082045168347735,-0.8335002034605951,-0.0735391992103884,-0.3458186363972874,229
A229Q,-0.8637623190000001,518,-0.6881538372348329,650,0,-0.595066969586849,-1.4411207979153884,0.1297709270454262,-0.8461985084825207,229
E155D,-0.8661825059999999,519,1.3446696930370037,98,0,0.9338680063026752,1.8870365066623107,0.9613772297664376,1.5963970294165912,155
V130Q,-0.867800534,520,-0.6516505865578388,641,0,-1.0293187126635064,-0.223124261933973,-0.3356564884086266,-1.0185028832252494,130
G226I,-0.8743372559999999,521,-1.254976863299566,747,0,-1.381425006664232,-1.2074111723019452,-0.8030642094747182,-1.62800706475737,226
I177Y,-0.8744237420000001,522,-0.2434675780950164,547,0,-0.4938581299220442,0.1142920701210416,0.3654358670056037,-0.959740119584667,177
T129E,-0.8748577240000001,523,0.0914949511339981,446,0,0.822716016515276,0.2159110751167667,-0.7999563826512782,0.1273090955552279,129
P106E,-0.877147615,524,-1.1741781263796542,743,0,-1.0876570087662651,-1.0397261644704914,-1.504567260180599,-1.0647620721012614,106
V206D,-0.881256342,525,-0.0333812265958198,480,0,-0.4014600148182638,-0.2916200161777764,0.7415890448528666,-0.1820339202401057,206
V78D,-0.881291032,526,0.5245461924638842,332,0,0.3929088310996534,0.4374735641889281,1.240718381101962,0.0270839934649935,78
G79H,-0.883221507,527,-1.0621627182328428,726,0,-0.9435612307600576,-1.1040136072256526,-0.1078444665476728,-2.093231568397988,79
V130G,-0.8850492240000001,528,-0.5176057650895678,614,0,-0.5723647370972983,-0.1685924730213494,-0.8455533733693379,-0.4839124768702854,130
I177T,-0.888444185,529,-0.113460526865649,507,0,-0.2260571167318694,-0.3282612458050669,0.1657679720928044,-0.0652917170184641,177
P106Y,-0.8907809259999999,530,-1.1270277463400202,739,0,-0.9474831919401064,-1.2592621571009808,-0.9190477590560469,-1.3823178772629463,106
G226C,-0.900858879,531,-0.3038417753334303,563,0,-0.339544228347641,-0.456032862380769,0.2161142521651985,-0.6359042627705098,226
I177A,-0.901593029,532,-0.2191439878622395,543,0,-0.0608719297663912,-0.5485967677568875,0.2020270473886352,-0.4691343013143144,177
I177Q,-0.903444111,533,-0.8791890484904183,692,0,-1.383276637169298,-1.3003744683774003,-0.1114389543852361,-0.7216661340297394,177
G126L,-0.90463388,534,-0.2780624462861054,558,0,-0.2236844879790243,0.2493980655879969,-0.3238138448299562,-0.8141495179234379,126
M154P,-0.905169547,535,-1.091065090114154,734,0,-0.8251017320774074,-0.7755566406900294,-0.9507519795661846,-1.8128500081229943,154
V206H,-0.906802177,536,0.1498052283746013,435,0,-0.0233080617911976,0.2562748404663708,0.7721518423013363,-0.4058977074781039,206
P156I,-0.91507864,537,-0.0093836615196299,472,0,0.6291995681465699,0.0748738036648424,1.1353076693281556,-1.876915687218088,156
A127W,-0.915545344,538,-1.5564843205556254,758,0,-1.7216952495313975,-1.5385688875553687,-1.5719176598696352,-1.3937554852660996,127
G226M,-0.919892371,539,-0.8479892120108637,690,0,-0.893019683359813,-0.7570021753920034,-0.3595848100056197,-1.3823501792860189,226
V227K,-0.92097801,540,-0.8140061273913981,674,0,-0.7866487051016392,-0.938401093079334,-0.6334159862157795,-0.8975587251688398,227
I177G,-0.922563612,541,-1.123002189107688,738,0,-1.1267077749617398,-1.4406371412632577,-0.512794995501383,-1.4118688447043717,177
V227N,-0.923692584,542,-0.3904983251305203,578,0,-0.0217982211909987,-0.1373841535812914,-0.5601414132880096,-0.8426695124617815,227
V206P,-0.925957441,543,0.2665132433091158,404,0,0.4139076821031353,0.1578540774097477,0.8312617876340819,-0.3369705739105013,206
T129Y,-0.929115832,544,0.3465789782073388,387,0,0.9955386186436352,0.2660596632925682,0.343169390312986,-0.2184517594198343,129
N44T,-0.930899322,545,0.6333634537462302,282,0,0.2311985124633279,0.268037669415251,1.1766916957946063,0.8575259373117355,44
L80W,-0.932129383,546,-0.6810629923859556,648,0,-0.5073820442127834,-0.823763496992058,-0.4364861458161334,-0.9566202825228474,80
P106M,-0.932816327,547,-1.2756268438142266,750,0,-0.8410926224361601,-1.3092468255609184,-1.259825999881754,-1.6923419273780744,106
V134Y,-0.934076786,548,-0.0283991197972824,476,0,0.0698091809222146,-0.4072588313964738,0.009414752160576,0.2144384191245535,134
V130K,-0.935806692,549,-0.8457396495308317,688,0,-1.25744660249151,-0.3744616749234113,-0.8455533733693379,-0.9054969473390676,130
V130R,-0.936358988,550,-0.9337834268647645,702,0,-1.3984586153012797,-0.4950714334342904,-0.8455533733693379,-0.99605028535415,130
I177E,-0.937305272,551,-1.131933787439594,741,0,-1.694977791220738,-1.6166280795186203,-0.5024901977229573,-0.7136390812960607,177
A127E,-0.943842947,552,-1.0605238404863575,725,0,-1.076863315019632,-1.0293843885716858,-1.3822348235050237,-0.7536128348490887,127
V206E,-0.946131587,553,0.2316636303203814,413,0,-0.0659219858115766,0.0741491912630807,0.7364928074228301,0.1819345084071916,206
I177H,-0.947168291,554,-1.2586323378390465,748,0,-1.4170937567243338,-1.450921576424955,-0.5024901977229573,-1.6640238204839397,177
T129W,-0.94777894,555,-0.0796590351545091,498,0,0.159765015238837,-0.2086015983773165,0.2259354598355044,-0.4957350173150613,129
K207E,-0.948245108,556,-0.1651517081267685,528,0,-0.283373987147133,-0.6284529685596026,0.1749939852993756,0.0762261379002859,207
G126F,-0.951348305,557,-0.4659026471924165,600,0,-0.3709605180671005,0.1279611046174428,-0.3824303086799973,-1.2381808666400107,126
I177N,-0.951898038,558,-1.007858223782931,717,0,-1.2331500550433434,-1.353651741685116,-0.5024901977229573,-0.9421409006803064,177
T129K,-0.952795506,559,-0.4775521617482928,603,0,0.151122646501683,-0.1057921498177132,-1.1303019563338423,-0.825237187343299,129
L80R,-0.95328331,560,-0.720604413085652,660,0,-0.3442517469272639,-1.003911389380218,-1.1540826780995366,-0.3801718379355895,80
V134Q,-0.955066264,561,0.3841231013856303,373,0,-0.0066275595812467,0.6590821751583287,0.16475374406579,0.7192840458996493,134
V130N,-0.955091834,562,-0.3945685537138116,581,0,-0.588704970301724,0.1533740206887232,-0.6677200325786389,-0.4752232326636068,130
I177R,-0.955181062,563,-0.8501886436823072,691,0,-1.354045673581915,-1.476378619933054,-0.018093641873739,-0.5522366393405206,177
F176D,-0.95612514,564,-0.3965868721003364,582,0,0.0739901589937422,-0.1840071590013685,-0.1318894250193018,-1.3444410633744173,176
A174P,-0.956386864,565,0.4831205382242983,349,0,0.7826847729137669,0.6233708627024028,0.8640619744997782,-0.3376354572187547,174
I113H,-0.956895828,566,-0.245083535498418,548,0,-0.6852334097955274,-0.8727255058710474,0.1412310785069284,0.4363936951659742,113
V130D,-0.959521472,567,-0.7329574871684783,662,0,-1.1337178835905706,-0.4188633500494246,-0.6677200325786389,-0.7115286824552794,130
N44L,-0.960815966,568,0.5823919114357643,299,0,-0.1621786998821042,0.5568729345317174,0.8608108621108103,1.074062548982634,44
A127P,-0.963744044,569,-1.0128517876616283,718,0,-0.4620048523100342,-0.9826476989076026,-1.5719176598696352,-1.0348369395592425,127
I113E,-0.965457082,570,-0.6890853041375069,651,0,-0.7469737515046658,-1.2859123865560365,-0.3794103615258048,-0.3440447169635205,113
V206R,-0.965752661,571,0.2462206842937356,411,0,-0.0504983393518074,0.0589065274943864,0.8039103191516451,0.1725642298807186,206
V205Q,-0.969229043,572,0.2484652903911542,410,0,-0.0887874700899142,0.1967040472996934,0.8857331822514561,0.0002114021033815,205
I113Q,-0.9702214,573,-0.61086364014101,632,0,-0.6256735221849782,-1.1449593810569063,-0.3794103615258048,-0.2934112957963505,113
V206G,-0.970758855,574,0.1129438557008186,439,0,-0.1717313655429033,0.4324072607578597,0.5692094197177398,-0.3781098921294215,206
G126V,-0.973066807,575,-0.8377256644248461,683,0,-0.6213544773866629,-0.4753257766497283,-0.4806220454091403,-1.7736003582538524,126
P106L,-0.973482132,576,-0.8316444980977096,681,0,-0.218094590000982,-0.7208179265087112,-0.6389592100756707,-1.7487062658054744,106
P156K,-0.973874092,577,-0.957182292761832,708,0,-0.7457969363046467,-0.8898462034338138,-0.5147658737798005,-1.6783201575290665,156
V130S,-0.974264383,578,0.1358506148820575,438,0,-0.0287815723025771,0.2113781651945815,0.5009009935863522,-0.1400951269501263,130
F176R,-0.974900663,579,0.0556875296483877,455,0,0.4566053329212373,0.4259707630174562,0.203791397079578,-0.8636173744247205,176
D162P,-0.975909352,580,-0.9167607504543034,696,0,-0.3832512407703149,-1.350209053690646,-0.1722705770464794,-1.7613121303097734,162
A127F,-0.977165282,581,-0.7107601350376933,658,0,-0.3776183451633928,-0.4352398645675467,-1.5719176598696352,-0.458264670550198,127
I177K,-0.978334129,582,-0.847828494631027,689,0,-1.2140999916571882,-1.5081059976977178,-0.4318968298496319,-0.2372111593195701,177
I177W,-0.979196966,583,-0.824401399075041,679,0,-1.2617960652766824,-0.8572903766717114,0.2980721772501824,-1.4765913316019526,177
G79R,-0.980469406,584,-1.0355544990243866,724,0,-0.851052296227886,-1.1746661211073854,-0.3186915460503451,-1.797808032711929,79
V134H,-0.981006801,585,-0.0885153008881601,501,0,-0.3927459318103998,-0.2738239444548956,0.1066814345723529,0.2058272381403018,134
V130H,-0.981543124,586,-0.7580082599648077,666,0,-1.1300198812832487,-0.1511000578975898,-0.6677200325786389,-1.0831930680997532,130
P156T,-0.985417664,587,0.5010428041118791,342,0,1.1768357943557983,0.9866577148415772,1.03671520112071,-1.1960374938705691,156
A47Y,-0.985475957,588,-0.0737215019503033,495,0,0.742290201926017,-0.3417270946460622,-0.0060096327374134,-0.6894394823437547,47
P156Q,-0.985630631,589,-0.6789201145777318,647,0,-0.5768699760643184,-0.6815283027496761,0.256785550233092,-1.7140677297300246,156
A127I,-0.988519251,590,-0.8420434257023299,686,0,-0.1332277622194954,-0.3752709272392954,-1.0778457147187888,-1.78182929863174,127
V206K,-0.989227355,591,0.3469642531093603,386,0,0.0484644413190253,0.1677396204872136,0.8158312683506994,0.3558216822805027,206
A77L,-0.991165578,592,-0.1651748049452425,529,0,0.3195228857882311,-0.2744055789752156,0.0301836301744647,-0.7360001567684505,77
N228V,-0.992116392,593,0.0612245626649729,453,0,-0.0985693017703437,0.1695301473303075,0.6984616004789393,-0.5245241953790115,228
V130E,-0.992295325,594,-0.6117722973349711,633,0,-1.011548112294036,-0.1942731454041702,-0.6677200325786389,-0.573547899063039,130
P156L,-0.995807886,595,-0.3020269806433202,562,0,0.0224940796991337,-0.6688153627176672,1.0300583103722278,-1.5918449499269751,156
I158S,-0.997058988,596,-0.0435530902750566,485,0,-0.283260693035066,0.0487066075930356,0.5928176010673255,-0.5324758767255218,158
I158R,-0.999512494,597,-0.942780930920879,704,0,-1.2813978284549787,-0.984333765886138,-0.9711961698882362,-0.5341959594541634,158
I113W,-1.000673056,598,-0.5810046943675952,625,0,-0.8982104870391012,-0.8002478113964039,-0.0652456420908094,-0.560314836944066,113
I177S,-1.005773425,599,-0.6924468238438684,652,0,-0.8013685876129355,-1.120189678471449,0.0759088771964444,-0.9241379064875336,177
V205D,-1.006931782,600,-0.2646892931381138,555,0,-0.8179593309837009,-0.4317261239205729,0.8282188402792187,-0.6372905579274004,205
I113G,-1.0072673559999998,601,-0.8161161734651795,676,0,-0.8622118822672793,-1.4027740553204555,-0.8374828576792583,-0.161995898593725,113
E155K,-1.007819653,602,0.4194530376336752,365,0,0.0651814708911601,0.7212310577269044,0.3376634442669116,0.5537361776497248,155
V205E,-1.008686066,603,0.1085555593742058,442,0,-0.3188864454662883,-0.1638207264637307,0.8844698209554279,0.0324595884714144,205
G79L,-1.009934664,604,-0.4538531722308306,599,0,-0.1052492721299502,-1.2742370645581351,0.7786148171857388,-1.214541169420976,79
I158K,-1.0144820209999998,605,-0.8369782131561216,682,0,-1.0889521447795678,-0.9800972826440478,-0.9711961698882362,-0.3076672553126346,158
V130Y,-1.015838385,606,0.0080049001447231,467,0,-0.341192831679411,0.5559380312092999,0.2980643490222158,-0.4807899479732123,130
A47R,-1.017734766,607,0.5757301841432653,303,0,0.8102659216054964,0.4661647499237091,0.908588933708685,0.1179011313351706,47
A127N,-1.019377112,608,-0.9261073542917864,700,0,-0.955474976649878,-0.894544653570955,-0.8310212227312522,-1.0233885642150604,127
I158Y,-1.021039367,609,-0.2402389371830243,546,0,-0.3291389568264062,-0.2346724370800261,0.2690645892579745,-0.6662089440836395,158
G126T,-1.022193074,610,-0.60556629960673,630,0,-0.4957081879718585,-0.2777086547402046,0.0189171157750546,-1.6677654714899115,126
A229K,-1.022300839,611,-0.6945229342796069,653,0,-0.5017958582602565,-1.311365441143293,0.2204420048710368,-1.1853724425859151,229
P156H,-1.023145676,612,-0.5585234081801638,622,0,-0.3046569369922733,-0.6689736730135966,0.2737362752028863,-1.5341992979176715,156
A47W,-1.023764133,613,-0.5039707278085173,610,0,-0.0272434017298728,-1.2111405639819566,-0.0060096327374134,-0.7714893127848262,47
P106I,-1.023790717,614,-1.408740413322517,756,0,-0.5483111984305779,-1.3679824384262362,-1.259825999881754,-2.4588420165515004,106
A174N,-1.027590752,615,0.0098121820565841,465,0,0.3101523156012981,-0.4784500988994707,0.4950842227920538,-0.2875377112675444,174
G173A,-1.032130718,616,0.0845564361847059,449,0,-0.0137012366470192,-0.0712558238574016,1.0173340113564426,-0.5941512061131982,173
A174Y,-1.033642411,617,-0.1266629604340772,512,0,0.2737939021340878,-0.3589567396093344,0.4539643697847165,-0.8754533740457789,174
I158D,-1.03364563,618,-1.0804092646667058,732,0,-1.022806634124581,-1.1517570007873152,-0.7459988384274983,-1.401074585327429,158
G79I,-1.037178278,619,-0.7774028173877511,668,0,-0.3444261090146408,-1.362264569706331,0.770226182650944,-2.1731467734809766,79
I158G,-1.039337635,620,-0.5982611557851382,628,0,-0.6406441726421648,-0.8301864074708423,-0.1358523404527902,-0.7863617025747555,158
I113D,-1.040128589,621,-0.8411995434846173,684,0,-1.1426119998359034,-1.5433563404888035,-0.3794103615258048,-0.2994194720879575,113
N228P,-1.041463852,622,-0.1303578927227347,515,0,-0.2235742356656428,-0.4311218024129628,0.5690469296789517,-0.435782462491285,228
G79K,-1.041552901,623,-1.2153553725390194,745,0,-1.007584287715125,-1.2665404417928887,-0.6524150930251988,-1.9348816676228648,79
Y76V,-1.041597247,624,0.4850661941960378,348,0,1.1930797920098546,0.3470535791117772,0.660527342042845,-0.2603959363803257,76
V134W,-1.041641474,625,-0.6377545751021094,637,0,-0.8350745010702553,-0.8714774722625082,-0.5130786194863194,-0.3313877075893549,134
D162W,-1.044248223,626,-0.4198074251997782,592,0,-0.2999025540905258,-0.78269282007693,-0.3771031412741281,-0.2195311853575291,162
A47K,-1.044879079,627,0.5609189338427016,311,0,0.851587003850564,0.3073782765688014,0.9217130075708876,0.1629974473805538,47
D162I,-1.04573667,628,-0.0587837830198613,490,0,0.3083421876037232,-0.2213736242993022,0.1636230784490286,-0.485726773832895,162
G79F,-1.050840497,629,-0.6830469730484872,649,0,-0.2591867897839239,-0.940084916289896,0.0804930560434304,-1.6134092421635593,79
V205W,-1.052771449,630,-0.076500212706625,496,0,-0.3615639637015636,-0.1241025430217,0.862057913540054,-0.6823922576432908,205
A229P,-1.053940415,631,-0.8456317610936691,687,0,-0.8313090120768385,-0.7620491574877419,-0.889739324138268,-0.8994295506718282,229
V205G,-1.05426836,632,-0.2962140227953831,561,0,-0.5710939354734809,-0.1992410970057202,0.7212166335964231,-1.1357376922987543,205
A229I,-1.05776763,633,-0.142042038201499,519,0,0.4666622798260205,-0.6647578822983754,0.5244551683368349,-0.8945277186704761,229
G226V,-1.058722138,634,-1.073164892932522,729,0,-1.1331681944789167,-1.0594289403559989,-0.4239926536402005,-1.6760697832549722,226
N44F,-1.059607029,635,0.5310231720202104,327,0,-0.3062541906377553,0.4147046793672205,0.856889129541437,1.1587530698099395,44
A174M,-1.059854269,636,-0.1944443143425777,535,0,-0.2182973336167741,-0.8464524787431429,0.6447725501117768,-0.3577999951221707,174
N44I,-1.060590029,637,0.2696713975667629,402,0,-0.4700298905817094,0.0196333580338263,0.9292644174160952,0.5998177053988397,44
A127K,-1.062028527,638,-1.310655598650805,753,0,-1.2879777545713695,-1.1953329692989694,-1.5719176598696352,-1.1873940108632453,127
P106W,-1.062496901,639,-1.585050692095297,759,0,-1.5002266819210743,-1.7274053974607473,-1.5464327657681107,-1.5661379232312551,106
K207D,-1.063229442,640,-0.499197972489341,608,0,-0.7338231793356701,-0.9344590420569172,0.1749939852993756,-0.5035036538641526,207
E155F,-1.064022899,641,0.3009328833282513,395,0,-0.1963693935604786,0.5537168255690124,0.2270802004867518,0.6193039008177198,155
A127H,-1.066432714,642,-1.3560871422806853,755,0,-1.4182706750361718,-1.421727412702713,-1.3822348235050237,-1.2021156578788326,127
I177P,-1.067177892,643,-1.2694419011546283,749,0,-1.144054173304322,-1.4732473170718368,-0.8938948055348691,-1.5665713087074864,177
E155C,-1.068174005,644,0.4261030699815951,363,0,-0.1933750778677655,0.3966320009146805,0.75764479367495,0.7435105632045155,155
A127L,-1.069352508,645,-0.6403080626650935,640,0,-0.5614893787893395,-0.5984804666580041,-0.6017053262128912,-0.7995570790001394,127
D162L,-1.070051193,646,-0.1542209867595296,525,0,0.3591923486807977,-0.4541595654301971,0.1441683893731436,-0.6660851196618627,162
I158P,-1.075226545,647,-0.5449258703220781,620,0,-0.3676130701693351,-0.2912797113684165,-0.0844488460509696,-1.4363618536995908,158
I113P,-1.076191545,648,-0.782413440795064,669,0,-0.6308090579288239,-0.8497991833298447,-0.8374828576792583,-0.8115626642423293,113
I158W,-1.076552749,649,-0.8250995188609633,680,0,-1.2063204110726813,-1.134045942939886,0.1732913946427497,-1.1333231160740358,158
E155Q,-1.07667017,650,0.951094496540013,181,0,0.8345801656197458,0.9598203800682616,0.8893030721948479,1.120674368277197,155
V78N,-1.07890451,651,0.7836472415240551,232,0,0.7303177467437659,0.813103508605763,1.228158828332412,0.3630088824142796,78
I158N,-1.078934431,652,-0.6382952136847565,638,0,-1.02784684299097,-0.5110916874596838,-0.3058307870596539,-0.7084115372287183,158
E155V,-1.082138181,653,0.724848824084751,259,0,0.3664466776549578,0.7671990075524078,0.3611808375702403,1.404568773561398,155
A127Y,-1.084190726,654,-0.9501787559621514,706,0,-0.7431772258534713,-0.6346355465576374,-1.5719176598696352,-0.8509845915678614,127
P156F,-1.08920598,655,-0.4012820763209078,584,0,0.0383605914251851,-0.8172503371792164,0.4740752484916294,-1.3003138080212295,156
V227P,-1.090181947,656,-0.504803151179252,611,0,0.0380433936893526,-0.6013153428391266,0.0372916015879072,-1.4932322571551415,227
G126P,-1.093882084,657,-0.9996215741404212,715,0,-0.9171106258391856,-0.6943135419719516,-0.1991640980661642,-2.1878980306843827,126
P156W,-1.095451593,658,-1.0707150744591554,728,0,-0.923955033773508,-1.432335947682849,-0.0609754882493186,-1.8655938281309457,156
P156M,-1.098868966,659,-0.4025625959005842,586,0,-0.264963681047275,-0.883504317909639,1.0311026257616802,-1.492885010407103,156
A174L,-1.099410295,660,-0.176450525219462,532,0,0.05968334243279,-0.6198665671389676,0.6613299824417129,-0.8069488586133834,174
V205P,-1.104748249,661,-0.5365614755709947,619,0,-0.657340554072373,-0.745109706515748,0.8312899419266591,-1.5750855836225164,205
A229N,-1.104887486,662,-0.1423131462631903,520,0,0.3059440902313734,-0.8294462133470403,0.3562387007491546,-0.4019891626862492,229
M154E,-1.105707765,663,-0.5170720049055034,613,0,-0.7495491754292124,-0.4978397444988567,-0.9507519795661846,0.1298528798722402,154
I177D,-1.106013536,664,-1.456073170839402,757,0,-1.88415318041759,-1.9164381124100576,-0.5024901977229573,-1.5212111928070036,177
G226H,-1.106135488,665,-0.0985948569953087,504,0,0.080910096336109,0.0343822681945079,0.4968066626244127,-1.0064784551362649,226
P156N,-1.108823538,666,-0.3389886020494078,569,0,0.1212446562447025,-0.2437474813038443,0.2554522029248487,-1.4889037860633385,156
V227R,-1.11020577,667,-0.8419788665370342,685,0,-0.8910767988941728,-0.8979142944525002,-0.6334159862157795,-0.9455083865856846,227
V78E,-1.117653489,668,0.5891804566206187,296,0,0.3927678256860001,0.3888258074800473,1.136109958775755,0.4390182345406719,78
D162M,-1.120810628,669,-0.1908997174813766,534,0,0.1267634586229538,-0.4015120430004613,0.1331856419831031,-0.622035927531102,162
A174H,-1.123188019,670,-0.2242503300903728,544,0,-0.1308246123679728,-0.596204538009911,0.4581203868737098,-0.6280925568573174,174
G173V,-1.124559402,671,-0.4972613147720097,606,0,-0.6813282300641604,-0.7072882549342379,0.716342914687359,-1.3167716887769996,173
D162F,-1.124597311,672,-0.0640028011079544,491,0,0.2148375795610662,-0.2726033346771473,0.0363976991695147,-0.2346431484852512,162
I113R,-1.1297099590000002,673,-0.6399422530743895,639,0,-0.4695498019484591,-0.8771083326465404,-0.8374828576792583,-0.3756280200233,113
A174C,-1.13221693,674,0.7545056846761834,248,0,0.8120426929293478,0.5262244352011228,0.9112567406874014,0.7684988698868614,174
E155S,-1.132879019,675,0.8543356944212915,209,0,0.5109406992874049,1.1002581915098515,0.8272000285146955,0.978943858373214,155
A229H,-1.133976579,676,-0.5314415291764788,617,0,-0.2672428647133755,-1.2944728599911957,0.2379777917638928,-0.8020281837652368,229
N228F,-1.138772488,677,0.3889253074694695,371,0,-0.0411182313215374,0.366580219211341,0.9434066054860656,0.2868326365020093,228
A229W,-1.141188025,678,-0.9350279865816028,703,0,-0.763655362166679,-1.516643534838034,-0.5325579976076028,-0.9272550517140948,229
G79Y,-1.143211842,679,-0.901884959766875,695,0,-0.5911674094496638,-0.9988025790114238,-0.0260008243254158,-1.9915690262809964,79
E155A,-1.145511508,680,0.5310904908576742,326,0,0.2753484674861491,0.4242687403555512,0.8128164833729797,0.6119282722160168,155
N228L,-1.147066236,681,0.1774630176602668,427,0,-0.4432603608020228,0.4692763574882673,0.6644130436286799,0.0194230303261429,228
A127Q,-1.148375869,682,-1.32740932269251,754,0,-1.4019157483974167,-1.4783184820001816,-1.3822348235050237,-1.0471682368674178,127
P156Y,-1.1510185,683,-0.3923155535187942,579,0,0.0164049658452581,-0.4791603761169558,0.3976919901849952,-1.5041987939884744,156
P156V,-1.15293169,684,0.5825587825164652,298,0,1.226599704633132,1.0074321392421273,1.4300385186559967,-1.3338352324653957,156
L80D,-1.157175779,685,-1.0192771371955736,720,0,-1.149759350296963,-1.275363934696089,-0.5647544428053405,-1.0872308209839017,80
A174E,-1.160817981,686,0.0087815765553149,466,0,0.385206610157993,-0.6494015342856752,0.4532066293160492,-0.1538853989671072,174
E155T,-1.162358999,687,1.071114470741171,150,0,0.5935790744181602,1.3317150740775978,0.8106813726108494,1.548482361858077,155
A174I,-1.163212061,688,-0.1140887521835017,508,0,0.3285253210003228,-0.3727594029539536,0.6862594758342727,-1.0983804026146489,174
E155P,-1.163858056,689,-0.2383885074625908,545,0,-0.93197527734556,-0.2019777460111006,0.0436496317079395,0.1367493617983574,155
A127M,-1.16702652,690,-0.6686497136581905,646,0,-0.5675028859013056,-0.584089437489144,-1.0778457147187888,-0.4451608165235236,127
G173F,-1.171149373,691,-0.2748754007296468,557,0,-0.6747960447203625,-0.5091717699967669,0.7330974716598744,-0.6486312598613321,173
E155H,-1.172526956,692,0.6027840794475554,291,0,0.0099629260099697,0.865078399258463,0.8551184541516462,0.6809765383701426,155
A127R,-1.172541142,693,-1.241754140217734,746,0,-1.1492872528297513,-1.0032215553820505,-1.5719176598696352,-1.2425900927894993,127
G226R,-1.177261949,694,0.109632643343125,440,0,0.6050598795543595,0.0440688638449634,0.3031559924925472,-0.5137541625193702,226
I158E,-1.179587364,695,-0.7081444406588223,655,0,-0.7027370794413457,-0.6551607880593189,-0.7459988384274983,-0.7286810567071264,158
M154C,-1.183125734,696,-0.139043759716218,516,0,-0.0785865919735895,-0.252642525474653,-0.0685275054735342,-0.1564184159430954,154
G126W,-1.187474132,697,-0.6626528701852519,644,0,-0.548485199626585,0.1459457775038993,-0.9263204746175432,-1.3217515840007783,126
G79Q,-1.193492651,698,-1.094190920341478,736,0,-0.8148065839797789,-1.5416291377640814,-0.0569505239781508,-1.963377435643901,79
P156R,-1.196199298,699,-0.9863849093758984,712,0,-0.7112716447708396,-0.8336495386846292,-0.5147658737798005,-1.885852580268325,156
I158H,-1.199580193,700,-0.7338252910547561,663,0,-1.3859324367574235,-0.5318535218288251,-0.2859673443779105,-0.7315478612548657,158
V78Q,-1.200696945,701,0.7362192638428114,256,0,0.5083620273405323,1.1084234501471817,1.1662058584637502,0.1618857194197819,78
A174Q,-1.205937028,702,-0.2014402910218293,537,0,-0.1157055840020137,-0.7670497683786884,0.5099582992715341,-0.4329641109781491,174
G226Y,-1.209362507,703,-0.59292466960764,626,0,-0.5570150733682762,-0.3390495315306591,-0.3151099621947328,-1.1605241113368918,226
Y76I,-1.215498567,704,0.5319683138851969,324,0,1.0911340379464929,0.5073049836460252,0.6316148613162775,-0.102180627368008,76
A174F,-1.22403276,705,0.0345061143581956,464,0,0.0570179792233731,-0.1099505997958261,0.9463842098169336,-0.7554271318116982,174
G173Y,-1.224795341,706,-0.0346485532827561,482,0,-0.2849657758661624,-0.1196980264891268,0.8151244792920795,-0.5490548900678149,173
A229R,-1.228188992,707,-0.4893144245876177,605,0,-0.3292991925944626,-1.007279783724,0.2743658290076377,-0.8950445510396461,229
E155N,-1.228430033,708,0.9902461956209272,170,0,0.500162536758638,1.173796066352117,0.8942907135973557,1.392735465775598,155
E155Y,-1.229952097,709,0.5233743225246944,333,0,0.1004999243212564,0.927161215325588,0.2726154655730837,0.7932206848788494,155
E155M,-1.233804107,710,0.504573458269251,340,0,0.1274975890023748,0.4231140724254775,0.3456995714374914,1.1219826002116604,155
E155L,-1.238726735,711,0.5138476221970721,337,0,0.0859871676780964,0.42120537380243,0.3691861253604436,1.1790118219473185,155
E155G,-1.239441395,712,0.1604296276292372,433,0,0.0021404509084018,-0.1150796040763846,0.6938234397790035,0.0608342239059281,155
E155I,-1.241767049,713,0.7288568312616519,257,0,0.3192483247899092,0.7884660636769838,0.2985475204721826,1.509165416107532,155
P156D,-1.256901026,714,-0.6040818831080133,629,0,-0.1445718153046108,-0.5793892421991348,-0.1884691664885116,-1.5038973084397955,156
E155R,-1.2581186290000002,715,0.2971605929293051,396,0,-0.0823688881936434,0.3544502848911915,0.336759756585165,0.5798012184345072,155
G126I,-1.267938256,716,-0.8977372040784732,694,0,-0.878441167153539,-0.5555065758859868,-0.9029760643169734,-1.254025008957394,126
A47E,-1.268024683,717,0.2895484943271065,398,0,0.5916367957344623,-0.0532460955619043,0.7918370293995781,-0.1720337522637099,47
V227H,-1.271710277,718,-0.8041849945621744,672,0,-0.3067634856939799,-0.860654034171993,-0.5601414132880096,-1.4891810450947154,227
G173I,-1.276264548,719,-0.5611004145272598,624,0,-0.8467071641391475,-0.9668508244493792,0.7556862622255248,-1.1865299317460367,173
A174R,-1.285498261,720,-0.3397565990603589,570,0,-0.2028963975353284,-1.0075754624814366,0.3075566661206499,-0.4561112023453205,174
V227Q,-1.285612822,721,-0.7094527778282204,657,0,-0.6070964327165028,-0.8334004804395367,-0.5601414132880096,-0.8371727848688324,227
P156E,-1.287513256,722,-0.4692482779230191,602,0,-0.1385016482476335,-0.2837925069473921,-0.1884691664885116,-1.266229790008539,156
A174K,-1.288076639,723,-0.2601981700983878,552,0,0.0344520347817176,-0.8942327698225965,0.3289628804671365,-0.5099748258198092,174
G226S,-1.290072799,724,0.1675227912032975,428,0,0.4234859452732136,0.4260027990379711,0.1827120438691898,-0.3621096233671843,226
N228W,-1.295806646,725,0.2589231797109189,408,0,-0.4527171840262654,0.0698654642397641,0.9398108667210644,0.4787335719091123,228
P106F,-1.30364275,726,-1.1419649501412368,742,0,-0.583800121476851,-1.3028209233915022,-1.3140193823850914,-1.367219373311502,106
A229M,-1.307509303,727,0.0427842633043819,459,0,0.2118073036211784,-0.7821047035602412,0.4984302782943435,0.2430041748622469,229
A77N,-1.318319559,728,-0.7849453563946153,670,0,-0.3523970393588464,-0.504435175804071,-1.4334047507096932,-0.8495444597058506,77
I113K,-1.3252851959999998,729,-0.5592872971391153,623,0,-0.2822527234400621,-0.7554681860205809,-0.8374828576792583,-0.3619454214165599,113
V78K,-1.336743832,730,0.6242752184147875,286,0,0.5852313992621551,0.6057137799401211,1.0740884462401457,0.2320672482167277,78
I158Q,-1.356677294,731,-0.888004566928676,693,0,-1.2083202132628807,-0.8932931296566784,-0.7459988384274983,-0.704406086367647,158
A77W,-1.363823771,732,-1.2992731075524235,751,0,-1.414174454880566,-1.392289675501538,-0.9435852438318096,-1.447043055995781,77
G226W,-1.482352376,733,-0.9436091075440138,705,0,-1.119429369377643,-0.7585987409591403,-0.76803818063645,-1.1283701392028218,226
A77K,-1.483521819,734,-1.0280974895820028,722,0,-0.8541664794111824,-0.739383361339053,-1.4334047507096932,-1.0854353668680818,77
N44V,-1.507462382,735,0.3130381232730419,394,0,-0.3639590192752274,0.1476650023869369,0.8940531885754491,0.5743933214050091,44
G173W,-1.512911201,736,-0.3370659944505707,568,0,-0.6723431176378039,-0.605773959110623,0.7386593238862331,-0.8088062249400891,173
A77P,-1.534923553,737,-0.4493958321048944,598,0,0.0430575410432728,-0.695495010463935,-0.5761014003193281,-0.5690444586795874,77
Y76M,-1.537625194,738,0.4644686175048317,355,0,1.1074436211624663,0.1428293084420648,0.5972284602196475,0.0103730801951481,76
A229Y,-1.538107038,739,-0.33586257463638,566,0,0.2840531415404513,-0.8782092747990192,-0.1477000346906481,-0.6015941305963041,229
A77F,-1.590369105,740,-0.3742898013057272,575,0,7.695139148556092e-05,-0.4158105790672903,-0.4459439329118014,-0.6354816446353029,77
A77E,-1.621815443,741,-1.0175736410291305,719,0,-0.8527136338694091,-0.95245705289744,-1.4334047507096932,-0.8317191266399797,77
A174G,-1.6426332,742,0.9523156066450964,179,0,1.053161911609556,1.0865540046485276,0.3469010509449402,1.3226454593773618,174
V78R,-1.646060586,743,0.5767158224668693,301,0,0.6021137944153845,0.451813485309496,1.068810347836943,0.1841256623056534,78
G173L,-1.6842749119999998,744,-0.2700624395002353,556,0,-0.5569839335986794,-0.6369032480564937,0.7056136268805042,-0.5919762032262725,173
V78Y,-1.6905554530000002,745,0.4335565276916905,362,0,0.9232424492672952,0.659542521554287,0.296395029532562,-0.1449538895873821,78
A77Q,-1.701305747,746,-1.185929185194309,744,0,-1.054876214556694,-1.1984692583112393,-1.4334047507096932,-1.05696651719961,77
G226F,-1.718616724,747,-0.9724123476216068,710,0,-1.0721242442231338,-0.759488270306976,-0.76803818063645,-1.2899986953198677,226
G173P,-1.754371524,748,-0.1401385196841647,517,0,0.5168771303140288,-0.2763195130568686,0.9352121276336132,-1.7363238236274323,173
V227D,-1.7663375140000002,749,-0.7316038658552012,661,0,-0.5465316430875902,-0.5744497116585857,-0.5601414132880096,-1.2452926953866192,227
G226A,-1.7735352519999998,750,-0.401696229907088,585,0,-0.4398717455101797,-0.3853456947492191,0.1773166366042711,-0.958884115973224,226
A77H,-1.7829879519999998,751,-1.1290086095072172,740,0,-0.983687040789352,-0.9632184134073468,-1.4334047507096932,-1.1357242331224768,77
A229E,-1.804983616,752,-0.3967438107037251,583,0,-0.4588156552777934,-0.81946693062978,0.1865659055674066,-0.4952585624747339,229
E155W,-1.984262824,753,0.0447215168545619,458,0,-0.6092607755932384,0.208296100575012,0.0970067380912985,0.4828440043451757,155
V78W,-2.053540707,754,0.1547755103608591,434,0,0.2750088171515431,-0.0066475222819863,0.7479088323164624,-0.3971680857425825,78
G226T,-2.08800292,755,-0.7024801633933324,654,0,-0.7248804458672751,-0.6860587195963348,0.0637442000880785,-1.4627256881977984,226
A77D,-2.103059292,756,-0.9241841249641348,699,0,-0.7067245166270024,-0.6620499036615491,-1.4334047507096932,-0.8945573288582948,77
M154D,-2.364762306,757,-0.9267564002614336,701,0,-1.284556246608993,-0.7448075457619427,-0.9507519795661846,-0.7269098291086131,154
A77Y,-2.490080833,758,-0.6535882949588168,642,0,-0.5581451015800346,-0.5577857455322642,-0.46072128045124,-1.0377010522717285,77
Y76G,-3.39218688,759,0.7966207076521732,225,0,1.9400445963155764,-0.0771118089614719,1.884214818781946,-0.5606647755273582,76
